province_territory,2016,2017,2018,2019,2020,2021,2022,2023,region_code,region_name,noc_code,occupational_skill_type
Newfoundland and Labrador,16.0,10.0,8.0,7.0,0.0,3.0,2.0,2.0,1010,Avalon Peninsula,0,Management occupations
Newfoundland and Labrador,0.0,1.0,5.0,1.0,0.0,0.0,0.0,5.0,1010,Avalon Peninsula,1,"Business, finance and administration occupations"
Newfoundland and Labrador,77.0,26.0,8.0,28.0,4.0,15.0,6.0,8.0,1010,Avalon Peninsula,2,Natural and applied sciences and related occupations
Newfoundland and Labrador,1.0,1.0,1.0,1.0,6.0,2.0,1.0,6.0,1010,Avalon Peninsula,3,Health occupations
Newfoundland and Labrador,21.0,9.0,9.0,6.0,3.0,1.0,5.0,2.0,1010,Avalon Peninsula,4,"Occupations in education, law and social, community and government services"
Newfoundland and Labrador,8.0,2.0,1.0,3.0,2.0,1.0,0.0,0.0,1010,Avalon Peninsula,5,"Occupations in art, culture, recreation and sport"
Newfoundland and Labrador,37.0,18.0,15.0,22.0,9.0,7.0,53.0,94.0,1010,Avalon Peninsula,6,Sales and service occupations
Newfoundland and Labrador,24.0,19.0,23.0,1.0,9.0,3.0,17.0,8.0,1010,Avalon Peninsula,7,"Trades, transport and equipment operators and related occupations"
Newfoundland and Labrador,34.0,21.0,24.0,28.0,46.0,37.0,52.0,45.0,1010,Avalon Peninsula,8,"Natural resources, agriculture and related production occupations"
Newfoundland and Labrador,1.0,37.0,58.0,4.0,0.0,5.0,447.0,670.0,1010,Avalon Peninsula,9,Occupations in manufacturing and utilities
Newfoundland and Labrador,0.0,1.0,1.0,0.0,0.0,1.0,2.0,2.0,1020,South Coast--Burin Peninsula,0,Management occupations
Newfoundland and Labrador,0.0,0.0,0.0,0.0,0.0,0.0,0.0,0.0,1020,South Coast--Burin Peninsula,1,"Business, finance and administration occupations"
Newfoundland and Labrador,0.0,0.0,0.0,1.0,0.0,1.0,9.0,1.0,1020,South Coast--Burin Peninsula,2,Natural and applied sciences and related occupations
Newfoundland and Labrador,0.0,0.0,3.0,2.0,2.0,0.0,0.0,2.0,1020,South Coast--Burin Peninsula,3,Health occupations
Newfoundland and Labrador,1.0,0.0,0.0,0.0,0.0,0.0,1.0,1.0,1020,South Coast--Burin Peninsula,4,"Occupations in education, law and social, community and government services"
Newfoundland and Labrador,0.0,0.0,0.0,0.0,0.0,0.0,0.0,0.0,1020,South Coast--Burin Peninsula,5,"Occupations in art, culture, recreation and sport"
Newfoundland and Labrador,0.0,1.0,0.0,0.0,0.0,2.0,0.0,4.0,1020,South Coast--Burin Peninsula,6,Sales and service occupations
Newfoundland and Labrador,0.0,3.0,0.0,0.0,0.0,0.0,2.0,2.0,1020,South Coast--Burin Peninsula,7,"Trades, transport and equipment operators and related occupations"
Newfoundland and Labrador,0.0,4.0,0.0,0.0,0.0,0.0,0.0,0.0,1020,South Coast--Burin Peninsula,8,"Natural resources, agriculture and related production occupations"
Newfoundland and Labrador,0.0,0.0,0.0,0.0,0.0,0.0,22.0,49.0,1020,South Coast--Burin Peninsula,9,Occupations in manufacturing and utilities
Newfoundland and Labrador,3.0,0.0,5.0,0.0,0.0,1.0,0.0,1.0,1030,West Coast--Northern Peninsula--Labrador,0,Management occupations
Newfoundland and Labrador,0.0,0.0,0.0,0.0,0.0,0.0,0.0,2.0,1030,West Coast--Northern Peninsula--Labrador,1,"Business, finance and administration occupations"
Newfoundland and Labrador,2.0,1.0,2.0,1.0,0.0,0.0,0.0,1.0,1030,West Coast--Northern Peninsula--Labrador,2,Natural and applied sciences and related occupations
Newfoundland and Labrador,13.0,7.0,1.0,5.0,9.0,2.0,4.0,8.0,1030,West Coast--Northern Peninsula--Labrador,3,Health occupations
Newfoundland and Labrador,1.0,1.0,1.0,0.0,0.0,0.0,0.0,2.0,1030,West Coast--Northern Peninsula--Labrador,4,"Occupations in education, law and social, community and government services"
Newfoundland and Labrador,1.0,0.0,0.0,0.0,0.0,0.0,0.0,1.0,1030,West Coast--Northern Peninsula--Labrador,5,"Occupations in art, culture, recreation and sport"
Newfoundland and Labrador,18.0,8.0,23.0,18.0,7.0,26.0,48.0,36.0,1030,West Coast--Northern Peninsula--Labrador,6,Sales and service occupations
Newfoundland and Labrador,3.0,3.0,6.0,3.0,0.0,3.0,7.0,11.0,1030,West Coast--Northern Peninsula--Labrador,7,"Trades, transport and equipment operators and related occupations"
Newfoundland and Labrador,8.0,13.0,18.0,12.0,19.0,21.0,36.0,44.0,1030,West Coast--Northern Peninsula--Labrador,8,"Natural resources, agriculture and related production occupations"
Newfoundland and Labrador,0.0,1.0,0.0,0.0,10.0,0.0,13.0,45.0,1030,West Coast--Northern Peninsula--Labrador,9,Occupations in manufacturing and utilities
Newfoundland and Labrador,0.0,1.0,0.0,0.0,0.0,2.0,2.0,5.0,1040,Notre Dame--Central Bonavista Bay,0,Management occupations
Newfoundland and Labrador,0.0,0.0,0.0,0.0,0.0,0.0,0.0,4.0,1040,Notre Dame--Central Bonavista Bay,1,"Business, finance and administration occupations"
Newfoundland and Labrador,2.0,0.0,1.0,0.0,0.0,1.0,0.0,0.0,1040,Notre Dame--Central Bonavista Bay,2,Natural and applied sciences and related occupations
Newfoundland and Labrador,9.0,1.0,3.0,5.0,11.0,12.0,10.0,7.0,1040,Notre Dame--Central Bonavista Bay,3,Health occupations
Newfoundland and Labrador,1.0,1.0,1.0,1.0,0.0,0.0,0.0,1.0,1040,Notre Dame--Central Bonavista Bay,4,"Occupations in education, law and social, community and government services"
Newfoundland and Labrador,1.0,0.0,0.0,3.0,0.0,0.0,0.0,0.0,1040,Notre Dame--Central Bonavista Bay,5,"Occupations in art, culture, recreation and sport"
Newfoundland and Labrador,3.0,3.0,0.0,1.0,1.0,6.0,20.0,26.0,1040,Notre Dame--Central Bonavista Bay,6,Sales and service occupations
Newfoundland and Labrador,0.0,3.0,0.0,0.0,0.0,0.0,1.0,1.0,1040,Notre Dame--Central Bonavista Bay,7,"Trades, transport and equipment operators and related occupations"
Newfoundland and Labrador,2.0,3.0,2.0,18.0,16.0,20.0,21.0,32.0,1040,Notre Dame--Central Bonavista Bay,8,"Natural resources, agriculture and related production occupations"
Newfoundland and Labrador,0.0,0.0,0.0,12.0,10.0,18.0,99.0,86.0,1040,Notre Dame--Central Bonavista Bay,9,Occupations in manufacturing and utilities
Prince Edward Island,9.0,4.0,4.0,3.0,9.0,7.0,4.0,6.0,1110,Prince Edward Island,0,Management occupations
Prince Edward Island,1.0,1.0,0.0,1.0,0.0,2.0,2.0,7.0,1110,Prince Edward Island,1,"Business, finance and administration occupations"
Prince Edward Island,32.0,13.0,2.0,1.0,4.0,2.0,5.0,5.0,1110,Prince Edward Island,2,Natural and applied sciences and related occupations
Prince Edward Island,4.0,4.0,0.0,5.0,4.0,1.0,4.0,8.0,1110,Prince Edward Island,3,Health occupations
Prince Edward Island,6.0,3.0,4.0,5.0,0.0,3.0,2.0,2.0,1110,Prince Edward Island,4,"Occupations in education, law and social, community and government services"
Prince Edward Island,8.0,1.0,0.0,1.0,0.0,0.0,1.0,0.0,1110,Prince Edward Island,5,"Occupations in art, culture, recreation and sport"
Prince Edward Island,11.0,14.0,8.0,14.0,10.0,16.0,120.0,75.0,1110,Prince Edward Island,6,Sales and service occupations
Prince Edward Island,68.0,105.0,114.0,86.0,62.0,67.0,125.0,106.0,1110,Prince Edward Island,7,"Trades, transport and equipment operators and related occupations"
Prince Edward Island,358.0,418.0,406.0,526.0,754.0,514.0,687.0,761.0,1110,Prince Edward Island,8,"Natural resources, agriculture and related production occupations"
Prince Edward Island,449.0,493.0,474.0,537.0,881.0,892.0,1341.0,741.0,1110,Prince Edward Island,9,Occupations in manufacturing and utilities
Nova Scotia,0.0,0.0,0.0,1.0,2.0,1.0,4.0,7.0,1210,Cape Breton,0,Management occupations
Nova Scotia,0.0,0.0,0.0,0.0,0.0,0.0,0.0,5.0,1210,Cape Breton,1,"Business, finance and administration occupations"
Nova Scotia,12.0,3.0,3.0,4.0,0.0,0.0,5.0,0.0,1210,Cape Breton,2,Natural and applied sciences and related occupations
Nova Scotia,8.0,4.0,0.0,0.0,1.0,0.0,1.0,0.0,1210,Cape Breton,3,Health occupations
Nova Scotia,1.0,2.0,2.0,0.0,2.0,2.0,0.0,2.0,1210,Cape Breton,4,"Occupations in education, law and social, community and government services"
Nova Scotia,0.0,0.0,0.0,0.0,0.0,0.0,0.0,0.0,1210,Cape Breton,5,"Occupations in art, culture, recreation and sport"
Nova Scotia,9.0,6.0,8.0,8.0,1.0,5.0,14.0,125.0,1210,Cape Breton,6,Sales and service occupations
Nova Scotia,11.0,0.0,6.0,0.0,0.0,0.0,1.0,8.0,1210,Cape Breton,7,"Trades, transport and equipment operators and related occupations"
Nova Scotia,18.0,0.0,0.0,0.0,0.0,0.0,0.0,8.0,1210,Cape Breton,8,"Natural resources, agriculture and related production occupations"
Nova Scotia,38.0,94.0,73.0,56.0,155.0,187.0,312.0,230.0,1210,Cape Breton,9,Occupations in manufacturing and utilities
Nova Scotia,4.0,2.0,2.0,4.0,1.0,0.0,7.0,6.0,1220,North Shore,0,Management occupations
Nova Scotia,3.0,4.0,0.0,4.0,0.0,1.0,8.0,6.0,1220,North Shore,1,"Business, finance and administration occupations"
Nova Scotia,5.0,5.0,3.0,2.0,0.0,0.0,1.0,0.0,1220,North Shore,2,Natural and applied sciences and related occupations
Nova Scotia,8.0,2.0,1.0,1.0,3.0,1.0,2.0,1.0,1220,North Shore,3,Health occupations
Nova Scotia,2.0,2.0,2.0,3.0,6.0,3.0,0.0,3.0,1220,North Shore,4,"Occupations in education, law and social, community and government services"
Nova Scotia,0.0,0.0,0.0,0.0,0.0,0.0,0.0,0.0,1220,North Shore,5,"Occupations in art, culture, recreation and sport"
Nova Scotia,11.0,6.0,2.0,15.0,14.0,14.0,69.0,122.0,1220,North Shore,6,Sales and service occupations
Nova Scotia,12.0,4.0,18.0,0.0,0.0,10.0,20.0,27.0,1220,North Shore,7,"Trades, transport and equipment operators and related occupations"
Nova Scotia,326.0,431.0,955.0,488.0,489.0,558.0,887.0,635.0,1220,North Shore,8,"Natural resources, agriculture and related production occupations"
Nova Scotia,75.0,126.0,90.0,148.0,191.0,453.0,399.0,156.0,1220,North Shore,9,Occupations in manufacturing and utilities
Nova Scotia,3.0,1.0,2.0,0.0,1.0,3.0,1.0,3.0,1230,Annapolis Valley,0,Management occupations
Nova Scotia,0.0,0.0,2.0,0.0,1.0,0.0,2.0,2.0,1230,Annapolis Valley,1,"Business, finance and administration occupations"
Nova Scotia,0.0,0.0,0.0,1.0,2.0,2.0,7.0,2.0,1230,Annapolis Valley,2,Natural and applied sciences and related occupations
Nova Scotia,2.0,0.0,7.0,1.0,2.0,1.0,1.0,0.0,1230,Annapolis Valley,3,Health occupations
Nova Scotia,0.0,1.0,1.0,1.0,0.0,1.0,0.0,0.0,1230,Annapolis Valley,4,"Occupations in education, law and social, community and government services"
Nova Scotia,1.0,0.0,0.0,0.0,0.0,0.0,0.0,0.0,1230,Annapolis Valley,5,"Occupations in art, culture, recreation and sport"
Nova Scotia,14.0,11.0,9.0,13.0,11.0,12.0,84.0,162.0,1230,Annapolis Valley,6,Sales and service occupations
Nova Scotia,16.0,37.0,35.0,21.0,3.0,45.0,64.0,30.0,1230,Annapolis Valley,7,"Trades, transport and equipment operators and related occupations"
Nova Scotia,1178.0,1318.0,1631.0,1240.0,1622.0,1667.0,1747.0,1949.0,1230,Annapolis Valley,8,"Natural resources, agriculture and related production occupations"
Nova Scotia,0.0,0.0,7.0,0.0,32.0,65.0,84.0,190.0,1230,Annapolis Valley,9,Occupations in manufacturing and utilities
Nova Scotia,1.0,4.0,0.0,1.0,1.0,2.0,3.0,1.0,1240,Southern,0,Management occupations
Nova Scotia,0.0,0.0,0.0,0.0,0.0,2.0,3.0,6.0,1240,Southern,1,"Business, finance and administration occupations"
Nova Scotia,3.0,0.0,2.0,0.0,0.0,2.0,6.0,1.0,1240,Southern,2,Natural and applied sciences and related occupations
Nova Scotia,3.0,1.0,1.0,0.0,0.0,1.0,0.0,0.0,1240,Southern,3,Health occupations
Nova Scotia,0.0,1.0,1.0,1.0,0.0,0.0,2.0,0.0,1240,Southern,4,"Occupations in education, law and social, community and government services"
Nova Scotia,3.0,0.0,0.0,0.0,0.0,0.0,0.0,1.0,1240,Southern,5,"Occupations in art, culture, recreation and sport"
Nova Scotia,6.0,2.0,4.0,4.0,3.0,36.0,104.0,108.0,1240,Southern,6,Sales and service occupations
Nova Scotia,1.0,0.0,0.0,0.0,2.0,22.0,28.0,17.0,1240,Southern,7,"Trades, transport and equipment operators and related occupations"
Nova Scotia,86.0,115.0,105.0,197.0,165.0,159.0,201.0,238.0,1240,Southern,8,"Natural resources, agriculture and related production occupations"
Nova Scotia,52.0,104.0,83.0,178.0,208.0,489.0,571.0,401.0,1240,Southern,9,Occupations in manufacturing and utilities
Nova Scotia,39.0,47.0,39.0,36.0,34.0,38.0,41.0,37.0,1250,Halifax,0,Management occupations
Nova Scotia,7.0,3.0,6.0,2.0,4.0,14.0,34.0,60.0,1250,Halifax,1,"Business, finance and administration occupations"
Nova Scotia,101.0,39.0,29.0,40.0,32.0,97.0,139.0,70.0,1250,Halifax,2,Natural and applied sciences and related occupations
Nova Scotia,5.0,3.0,2.0,1.0,2.0,4.0,7.0,16.0,1250,Halifax,3,Health occupations
Nova Scotia,18.0,22.0,34.0,18.0,15.0,22.0,6.0,17.0,1250,Halifax,4,"Occupations in education, law and social, community and government services"
Nova Scotia,10.0,3.0,22.0,7.0,0.0,1.0,4.0,2.0,1250,Halifax,5,"Occupations in art, culture, recreation and sport"
Nova Scotia,64.0,66.0,44.0,52.0,40.0,55.0,297.0,375.0,1250,Halifax,6,Sales and service occupations
Nova Scotia,37.0,63.0,113.0,121.0,34.0,83.0,287.0,248.0,1250,Halifax,7,"Trades, transport and equipment operators and related occupations"
Nova Scotia,22.0,23.0,29.0,35.0,69.0,20.0,61.0,99.0,1250,Halifax,8,"Natural resources, agriculture and related production occupations"
Nova Scotia,11.0,0.0,6.0,0.0,14.0,3.0,58.0,27.0,1250,Halifax,9,Occupations in manufacturing and utilities
New Brunswick,0.0,1.0,0.0,0.0,0.0,1.0,3.0,1.0,1310,Campbellton--Miramichi,0,Management occupations
New Brunswick,0.0,0.0,1.0,1.0,1.0,0.0,3.0,3.0,1310,Campbellton--Miramichi,1,"Business, finance and administration occupations"
New Brunswick,0.0,0.0,1.0,0.0,0.0,0.0,1.0,0.0,1310,Campbellton--Miramichi,2,Natural and applied sciences and related occupations
New Brunswick,2.0,3.0,0.0,1.0,0.0,3.0,5.0,105.0,1310,Campbellton--Miramichi,3,Health occupations
New Brunswick,2.0,1.0,4.0,0.0,0.0,3.0,1.0,1.0,1310,Campbellton--Miramichi,4,"Occupations in education, law and social, community and government services"
New Brunswick,0.0,0.0,0.0,0.0,0.0,0.0,0.0,0.0,1310,Campbellton--Miramichi,5,"Occupations in art, culture, recreation and sport"
New Brunswick,6.0,5.0,4.0,11.0,9.0,27.0,54.0,82.0,1310,Campbellton--Miramichi,6,Sales and service occupations
New Brunswick,1.0,0.0,0.0,0.0,0.0,46.0,21.0,30.0,1310,Campbellton--Miramichi,7,"Trades, transport and equipment operators and related occupations"
New Brunswick,17.0,6.0,5.0,8.0,4.0,3.0,18.0,35.0,1310,Campbellton--Miramichi,8,"Natural resources, agriculture and related production occupations"
New Brunswick,41.0,50.0,165.0,177.0,231.0,603.0,1215.0,664.0,1310,Campbellton--Miramichi,9,Occupations in manufacturing and utilities
New Brunswick,2.0,1.0,0.0,1.0,5.0,5.0,11.0,5.0,1320,Moncton--Richibucto,0,Management occupations
New Brunswick,8.0,0.0,2.0,2.0,1.0,4.0,13.0,10.0,1320,Moncton--Richibucto,1,"Business, finance and administration occupations"
New Brunswick,4.0,2.0,6.0,5.0,1.0,8.0,8.0,16.0,1320,Moncton--Richibucto,2,Natural and applied sciences and related occupations
New Brunswick,3.0,7.0,2.0,3.0,9.0,15.0,17.0,87.0,1320,Moncton--Richibucto,3,Health occupations
New Brunswick,1.0,3.0,1.0,3.0,1.0,6.0,5.0,12.0,1320,Moncton--Richibucto,4,"Occupations in education, law and social, community and government services"
New Brunswick,1.0,0.0,0.0,0.0,0.0,0.0,1.0,0.0,1320,Moncton--Richibucto,5,"Occupations in art, culture, recreation and sport"
New Brunswick,36.0,42.0,41.0,56.0,60.0,77.0,169.0,215.0,1320,Moncton--Richibucto,6,Sales and service occupations
New Brunswick,11.0,15.0,16.0,12.0,38.0,122.0,330.0,264.0,1320,Moncton--Richibucto,7,"Trades, transport and equipment operators and related occupations"
New Brunswick,74.0,74.0,98.0,121.0,137.0,136.0,250.0,228.0,1320,Moncton--Richibucto,8,"Natural resources, agriculture and related production occupations"
New Brunswick,717.0,1131.0,667.0,929.0,1854.0,1201.0,3784.0,2045.0,1320,Moncton--Richibucto,9,Occupations in manufacturing and utilities
New Brunswick,3.0,2.0,3.0,0.0,4.0,6.0,10.0,18.0,1330,Saint John--St. Stephen,0,Management occupations
New Brunswick,2.0,0.0,1.0,2.0,1.0,6.0,12.0,6.0,1330,Saint John--St. Stephen,1,"Business, finance and administration occupations"
New Brunswick,12.0,7.0,8.0,7.0,2.0,3.0,8.0,14.0,1330,Saint John--St. Stephen,2,Natural and applied sciences and related occupations
New Brunswick,5.0,7.0,3.0,4.0,1.0,3.0,7.0,5.0,1330,Saint John--St. Stephen,3,Health occupations
New Brunswick,3.0,5.0,3.0,2.0,3.0,4.0,15.0,2.0,1330,Saint John--St. Stephen,4,"Occupations in education, law and social, community and government services"
New Brunswick,0.0,0.0,0.0,0.0,0.0,0.0,0.0,1.0,1330,Saint John--St. Stephen,5,"Occupations in art, culture, recreation and sport"
New Brunswick,14.0,6.0,1.0,17.0,22.0,35.0,108.0,117.0,1330,Saint John--St. Stephen,6,Sales and service occupations
New Brunswick,40.0,40.0,32.0,45.0,41.0,68.0,70.0,24.0,1330,Saint John--St. Stephen,7,"Trades, transport and equipment operators and related occupations"
New Brunswick,48.0,64.0,26.0,64.0,59.0,67.0,95.0,179.0,1330,Saint John--St. Stephen,8,"Natural resources, agriculture and related production occupations"
New Brunswick,7.0,45.0,0.0,0.0,40.0,22.0,94.0,59.0,1330,Saint John--St. Stephen,9,Occupations in manufacturing and utilities
New Brunswick,0.0,1.0,0.0,2.0,4.0,1.0,4.0,6.0,1340,Fredericton--Oromocto,0,Management occupations
New Brunswick,0.0,1.0,0.0,0.0,2.0,1.0,7.0,3.0,1340,Fredericton--Oromocto,1,"Business, finance and administration occupations"
New Brunswick,2.0,3.0,1.0,11.0,7.0,5.0,21.0,9.0,1340,Fredericton--Oromocto,2,Natural and applied sciences and related occupations
New Brunswick,0.0,0.0,1.0,0.0,1.0,0.0,4.0,0.0,1340,Fredericton--Oromocto,3,Health occupations
New Brunswick,2.0,5.0,0.0,2.0,0.0,0.0,1.0,4.0,1340,Fredericton--Oromocto,4,"Occupations in education, law and social, community and government services"
New Brunswick,0.0,0.0,0.0,0.0,0.0,1.0,0.0,0.0,1340,Fredericton--Oromocto,5,"Occupations in art, culture, recreation and sport"
New Brunswick,25.0,21.0,18.0,24.0,27.0,29.0,72.0,135.0,1340,Fredericton--Oromocto,6,Sales and service occupations
New Brunswick,1.0,1.0,2.0,0.0,3.0,2.0,14.0,9.0,1340,Fredericton--Oromocto,7,"Trades, transport and equipment operators and related occupations"
New Brunswick,4.0,6.0,8.0,84.0,29.0,145.0,90.0,84.0,1340,Fredericton--Oromocto,8,"Natural resources, agriculture and related production occupations"
New Brunswick,0.0,0.0,2.0,0.0,0.0,33.0,75.0,10.0,1340,Fredericton--Oromocto,9,Occupations in manufacturing and utilities
New Brunswick,2.0,0.0,0.0,0.0,0.0,0.0,3.0,1.0,1350,Edmundston--Woodstock,0,Management occupations
New Brunswick,1.0,1.0,0.0,1.0,0.0,0.0,3.0,3.0,1350,Edmundston--Woodstock,1,"Business, finance and administration occupations"
New Brunswick,2.0,0.0,0.0,3.0,0.0,0.0,0.0,0.0,1350,Edmundston--Woodstock,2,Natural and applied sciences and related occupations
New Brunswick,1.0,0.0,0.0,0.0,0.0,1.0,0.0,31.0,1350,Edmundston--Woodstock,3,Health occupations
New Brunswick,1.0,2.0,1.0,3.0,0.0,0.0,0.0,1.0,1350,Edmundston--Woodstock,4,"Occupations in education, law and social, community and government services"
New Brunswick,0.0,0.0,0.0,0.0,0.0,0.0,0.0,0.0,1350,Edmundston--Woodstock,5,"Occupations in art, culture, recreation and sport"
New Brunswick,4.0,1.0,1.0,15.0,7.0,0.0,33.0,56.0,1350,Edmundston--Woodstock,6,Sales and service occupations
New Brunswick,74.0,71.0,126.0,190.0,100.0,98.0,169.0,73.0,1350,Edmundston--Woodstock,7,"Trades, transport and equipment operators and related occupations"
New Brunswick,41.0,42.0,60.0,104.0,152.0,169.0,222.0,272.0,1350,Edmundston--Woodstock,8,"Natural resources, agriculture and related production occupations"
New Brunswick,0.0,0.0,0.0,16.0,9.0,27.0,58.0,37.0,1350,Edmundston--Woodstock,9,Occupations in manufacturing and utilities
Quebec,1.0,2.0,0.0,0.0,0.0,2.0,3.0,7.0,2410,Gaspésie -- Îles-de-la-Madeleine,0,Management occupations
Quebec,0.0,1.0,0.0,0.0,1.0,0.0,3.0,5.0,2410,Gaspésie -- Îles-de-la-Madeleine,1,"Business, finance and administration occupations"
Quebec,0.0,0.0,9.0,2.0,2.0,2.0,4.0,11.0,2410,Gaspésie -- Îles-de-la-Madeleine,2,Natural and applied sciences and related occupations
Quebec,3.0,1.0,2.0,0.0,5.0,8.0,13.0,45.0,2410,Gaspésie -- Îles-de-la-Madeleine,3,Health occupations
Quebec,0.0,0.0,0.0,0.0,0.0,1.0,2.0,2.0,2410,Gaspésie -- Îles-de-la-Madeleine,4,"Occupations in education, law and social, community and government services"
Quebec,0.0,0.0,1.0,0.0,0.0,1.0,2.0,2.0,2410,Gaspésie -- Îles-de-la-Madeleine,5,"Occupations in art, culture, recreation and sport"
Quebec,5.0,7.0,3.0,11.0,5.0,24.0,61.0,112.0,2410,Gaspésie -- Îles-de-la-Madeleine,6,Sales and service occupations
Quebec,0.0,0.0,10.0,5.0,5.0,9.0,20.0,29.0,2410,Gaspésie -- Îles-de-la-Madeleine,7,"Trades, transport and equipment operators and related occupations"
Quebec,24.0,8.0,27.0,32.0,37.0,41.0,61.0,18.0,2410,Gaspésie -- Îles-de-la-Madeleine,8,"Natural resources, agriculture and related production occupations"
Quebec,3.0,38.0,86.0,150.0,115.0,220.0,688.0,655.0,2410,Gaspésie -- Îles-de-la-Madeleine,9,Occupations in manufacturing and utilities
Quebec,1.0,2.0,0.0,5.0,1.0,0.0,5.0,11.0,2415,Bas-Saint-Laurent,0,Management occupations
Quebec,0.0,2.0,4.0,6.0,2.0,4.0,10.0,8.0,2415,Bas-Saint-Laurent,1,"Business, finance and administration occupations"
Quebec,3.0,4.0,19.0,16.0,10.0,6.0,10.0,19.0,2415,Bas-Saint-Laurent,2,Natural and applied sciences and related occupations
Quebec,1.0,1.0,3.0,3.0,20.0,22.0,65.0,66.0,2415,Bas-Saint-Laurent,3,Health occupations
Quebec,0.0,0.0,2.0,0.0,0.0,1.0,6.0,2.0,2415,Bas-Saint-Laurent,4,"Occupations in education, law and social, community and government services"
Quebec,0.0,0.0,0.0,1.0,1.0,1.0,3.0,4.0,2415,Bas-Saint-Laurent,5,"Occupations in art, culture, recreation and sport"
Quebec,1.0,1.0,14.0,13.0,25.0,25.0,156.0,225.0,2415,Bas-Saint-Laurent,6,Sales and service occupations
Quebec,7.0,3.0,12.0,18.0,30.0,36.0,137.0,191.0,2415,Bas-Saint-Laurent,7,"Trades, transport and equipment operators and related occupations"
Quebec,97.0,126.0,146.0,299.0,244.0,346.0,506.0,484.0,2415,Bas-Saint-Laurent,8,"Natural resources, agriculture and related production occupations"
Quebec,2.0,41.0,39.0,74.0,95.0,163.0,352.0,465.0,2415,Bas-Saint-Laurent,9,Occupations in manufacturing and utilities
Quebec,10.0,6.0,12.0,24.0,14.0,20.0,69.0,96.0,2420,Capitale-Nationale,0,Management occupations
Quebec,4.0,7.0,4.0,17.0,47.0,43.0,178.0,174.0,2420,Capitale-Nationale,1,"Business, finance and administration occupations"
Quebec,86.0,193.0,477.0,715.0,360.0,552.0,1098.0,775.0,2420,Capitale-Nationale,2,Natural and applied sciences and related occupations
Quebec,6.0,11.0,8.0,45.0,176.0,149.0,386.0,405.0,2420,Capitale-Nationale,3,Health occupations
Quebec,7.0,3.0,11.0,11.0,16.0,29.0,53.0,77.0,2420,Capitale-Nationale,4,"Occupations in education, law and social, community and government services"
Quebec,89.0,58.0,31.0,50.0,33.0,23.0,44.0,60.0,2420,Capitale-Nationale,5,"Occupations in art, culture, recreation and sport"
Quebec,33.0,54.0,84.0,188.0,342.0,151.0,1500.0,1618.0,2420,Capitale-Nationale,6,Sales and service occupations
Quebec,26.0,46.0,104.0,234.0,348.0,287.0,832.0,845.0,2420,Capitale-Nationale,7,"Trades, transport and equipment operators and related occupations"
Quebec,1174.0,1180.0,1237.0,1396.0,1342.0,1881.0,2040.0,1757.0,2420,Capitale-Nationale,8,"Natural resources, agriculture and related production occupations"
Quebec,0.0,0.0,1.0,83.0,119.0,137.0,609.0,389.0,2420,Capitale-Nationale,9,Occupations in manufacturing and utilities
Quebec,2.0,0.0,2.0,7.0,3.0,2.0,15.0,14.0,2425,Chaudière-Appalaches,0,Management occupations
Quebec,3.0,1.0,1.0,7.0,4.0,11.0,32.0,66.0,2425,Chaudière-Appalaches,1,"Business, finance and administration occupations"
Quebec,36.0,38.0,50.0,102.0,57.0,49.0,204.0,119.0,2425,Chaudière-Appalaches,2,Natural and applied sciences and related occupations
Quebec,0.0,0.0,6.0,45.0,54.0,57.0,145.0,168.0,2425,Chaudière-Appalaches,3,Health occupations
Quebec,1.0,0.0,0.0,0.0,3.0,2.0,11.0,16.0,2425,Chaudière-Appalaches,4,"Occupations in education, law and social, community and government services"
Quebec,0.0,1.0,0.0,1.0,1.0,1.0,1.0,5.0,2425,Chaudière-Appalaches,5,"Occupations in art, culture, recreation and sport"
Quebec,8.0,5.0,26.0,113.0,180.0,83.0,583.0,539.0,2425,Chaudière-Appalaches,6,Sales and service occupations
Quebec,83.0,141.0,264.0,454.0,592.0,396.0,1511.0,952.0,2425,Chaudière-Appalaches,7,"Trades, transport and equipment operators and related occupations"
Quebec,873.0,751.0,1026.0,1631.0,1497.0,2103.0,2411.0,1957.0,2425,Chaudière-Appalaches,8,"Natural resources, agriculture and related production occupations"
Quebec,11.0,156.0,179.0,653.0,664.0,486.0,1702.0,864.0,2425,Chaudière-Appalaches,9,Occupations in manufacturing and utilities
Quebec,6.0,4.0,4.0,1.0,2.0,4.0,8.0,12.0,2430,Estrie,0,Management occupations
Quebec,4.0,1.0,0.0,6.0,8.0,8.0,28.0,41.0,2430,Estrie,1,"Business, finance and administration occupations"
Quebec,25.0,15.0,40.0,64.0,94.0,109.0,155.0,135.0,2430,Estrie,2,Natural and applied sciences and related occupations
Quebec,30.0,7.0,5.0,12.0,25.0,20.0,56.0,73.0,2430,Estrie,3,Health occupations
Quebec,6.0,0.0,2.0,6.0,9.0,19.0,26.0,22.0,2430,Estrie,4,"Occupations in education, law and social, community and government services"
Quebec,3.0,1.0,2.0,2.0,2.0,7.0,4.0,8.0,2430,Estrie,5,"Occupations in art, culture, recreation and sport"
Quebec,6.0,11.0,18.0,27.0,44.0,31.0,262.0,354.0,2430,Estrie,6,Sales and service occupations
Quebec,13.0,43.0,82.0,177.0,179.0,123.0,417.0,310.0,2430,Estrie,7,"Trades, transport and equipment operators and related occupations"
Quebec,397.0,574.0,717.0,947.0,977.0,931.0,1082.0,985.0,2430,Estrie,8,"Natural resources, agriculture and related production occupations"
Quebec,0.0,7.0,22.0,43.0,102.0,73.0,502.0,402.0,2430,Estrie,9,Occupations in manufacturing and utilities
Quebec,0.0,1.0,3.0,7.0,2.0,4.0,6.0,7.0,2433,Centre-du-Québec,0,Management occupations
Quebec,1.0,0.0,0.0,2.0,0.0,6.0,17.0,40.0,2433,Centre-du-Québec,1,"Business, finance and administration occupations"
Quebec,10.0,4.0,9.0,77.0,27.0,50.0,83.0,101.0,2433,Centre-du-Québec,2,Natural and applied sciences and related occupations
Quebec,0.0,0.0,0.0,5.0,25.0,20.0,49.0,74.0,2433,Centre-du-Québec,3,Health occupations
Quebec,5.0,2.0,3.0,4.0,13.0,5.0,13.0,22.0,2433,Centre-du-Québec,4,"Occupations in education, law and social, community and government services"
Quebec,1.0,0.0,0.0,2.0,0.0,1.0,7.0,2.0,2433,Centre-du-Québec,5,"Occupations in art, culture, recreation and sport"
Quebec,5.0,4.0,7.0,23.0,35.0,37.0,270.0,248.0,2433,Centre-du-Québec,6,Sales and service occupations
Quebec,29.0,57.0,107.0,275.0,283.0,241.0,664.0,633.0,2433,Centre-du-Québec,7,"Trades, transport and equipment operators and related occupations"
Quebec,863.0,785.0,1124.0,1537.0,1494.0,1826.0,2037.0,1908.0,2433,Centre-du-Québec,8,"Natural resources, agriculture and related production occupations"
Quebec,8.0,14.0,106.0,149.0,288.0,264.0,997.0,589.0,2433,Centre-du-Québec,9,Occupations in manufacturing and utilities
Quebec,14.0,14.0,13.0,20.0,21.0,21.0,45.0,69.0,2435,Montérégie,0,Management occupations
Quebec,7.0,11.0,11.0,10.0,22.0,27.0,162.0,199.0,2435,Montérégie,1,"Business, finance and administration occupations"
Quebec,37.0,23.0,34.0,28.0,59.0,87.0,199.0,218.0,2435,Montérégie,2,Natural and applied sciences and related occupations
Quebec,14.0,6.0,19.0,87.0,100.0,100.0,267.0,428.0,2435,Montérégie,3,Health occupations
Quebec,17.0,22.0,17.0,21.0,43.0,36.0,109.0,174.0,2435,Montérégie,4,"Occupations in education, law and social, community and government services"
Quebec,8.0,5.0,5.0,3.0,8.0,2.0,5.0,20.0,2435,Montérégie,5,"Occupations in art, culture, recreation and sport"
Quebec,14.0,21.0,32.0,96.0,185.0,158.0,799.0,1314.0,2435,Montérégie,6,Sales and service occupations
Quebec,25.0,58.0,202.0,433.0,525.0,310.0,1820.0,1661.0,2435,Montérégie,7,"Trades, transport and equipment operators and related occupations"
Quebec,7687.0,5721.0,6191.0,9798.0,8199.0,9192.0,11586.0,10055.0,2435,Montérégie,8,"Natural resources, agriculture and related production occupations"
Quebec,252.0,297.0,356.0,582.0,1049.0,860.0,2568.0,1783.0,2435,Montérégie,9,Occupations in manufacturing and utilities
Quebec,83.0,89.0,97.0,114.0,134.0,141.0,260.0,282.0,2440,Montréal,0,Management occupations
Quebec,61.0,70.0,70.0,88.0,128.0,118.0,515.0,857.0,2440,Montréal,1,"Business, finance and administration occupations"
Quebec,498.0,506.0,563.0,987.0,824.0,1180.0,2221.0,1577.0,2440,Montréal,2,Natural and applied sciences and related occupations
Quebec,43.0,36.0,49.0,252.0,199.0,217.0,376.0,313.0,2440,Montréal,3,Health occupations
Quebec,270.0,312.0,266.0,447.0,614.0,472.0,959.0,904.0,2440,Montréal,4,"Occupations in education, law and social, community and government services"
Quebec,899.0,548.0,672.0,788.0,360.0,284.0,949.0,796.0,2440,Montréal,5,"Occupations in art, culture, recreation and sport"
Quebec,132.0,128.0,77.0,155.0,231.0,174.0,1119.0,1898.0,2440,Montréal,6,Sales and service occupations
Quebec,60.0,67.0,101.0,221.0,310.0,195.0,939.0,1283.0,2440,Montréal,7,"Trades, transport and equipment operators and related occupations"
Quebec,33.0,42.0,53.0,79.0,90.0,50.0,256.0,337.0,2440,Montréal,8,"Natural resources, agriculture and related production occupations"
Quebec,6.0,0.0,2.0,28.0,68.0,67.0,415.0,440.0,2440,Montréal,9,Occupations in manufacturing and utilities
Quebec,7.0,1.0,7.0,2.0,7.0,8.0,15.0,22.0,2445,Laval,0,Management occupations
Quebec,4.0,2.0,2.0,3.0,6.0,9.0,58.0,69.0,2445,Laval,1,"Business, finance and administration occupations"
Quebec,16.0,12.0,12.0,19.0,27.0,28.0,66.0,83.0,2445,Laval,2,Natural and applied sciences and related occupations
Quebec,1.0,2.0,4.0,14.0,7.0,20.0,35.0,62.0,2445,Laval,3,Health occupations
Quebec,13.0,8.0,8.0,15.0,12.0,26.0,59.0,76.0,2445,Laval,4,"Occupations in education, law and social, community and government services"
Quebec,1.0,1.0,0.0,1.0,1.0,2.0,7.0,14.0,2445,Laval,5,"Occupations in art, culture, recreation and sport"
Quebec,14.0,17.0,8.0,13.0,30.0,28.0,199.0,365.0,2445,Laval,6,Sales and service occupations
Quebec,9.0,6.0,8.0,44.0,81.0,45.0,234.0,292.0,2445,Laval,7,"Trades, transport and equipment operators and related occupations"
Quebec,582.0,558.0,641.0,451.0,827.0,467.0,1015.0,729.0,2445,Laval,8,"Natural resources, agriculture and related production occupations"
Quebec,0.0,0.0,1.0,10.0,18.0,26.0,232.0,107.0,2445,Laval,9,Occupations in manufacturing and utilities
Quebec,1.0,1.0,2.0,3.0,4.0,2.0,11.0,9.0,2450,Lanaudière,0,Management occupations
Quebec,3.0,1.0,2.0,0.0,4.0,4.0,26.0,29.0,2450,Lanaudière,1,"Business, finance and administration occupations"
Quebec,9.0,7.0,4.0,8.0,6.0,10.0,14.0,50.0,2450,Lanaudière,2,Natural and applied sciences and related occupations
Quebec,0.0,4.0,2.0,1.0,9.0,9.0,36.0,83.0,2450,Lanaudière,3,Health occupations
Quebec,1.0,2.0,1.0,2.0,4.0,2.0,16.0,26.0,2450,Lanaudière,4,"Occupations in education, law and social, community and government services"
Quebec,2.0,0.0,0.0,0.0,0.0,1.0,1.0,3.0,2450,Lanaudière,5,"Occupations in art, culture, recreation and sport"
Quebec,4.0,5.0,4.0,15.0,26.0,41.0,273.0,269.0,2450,Lanaudière,6,Sales and service occupations
Quebec,103.0,75.0,115.0,206.0,265.0,197.0,463.0,491.0,2450,Lanaudière,7,"Trades, transport and equipment operators and related occupations"
Quebec,2209.0,1742.0,1973.0,2836.0,2460.0,2951.0,3811.0,3082.0,2450,Lanaudière,8,"Natural resources, agriculture and related production occupations"
Quebec,3.0,105.0,37.0,170.0,231.0,158.0,522.0,395.0,2450,Lanaudière,9,Occupations in manufacturing and utilities
Quebec,3.0,5.0,3.0,7.0,8.0,4.0,11.0,10.0,2455,Laurentides,0,Management occupations
Quebec,2.0,1.0,4.0,5.0,3.0,6.0,47.0,76.0,2455,Laurentides,1,"Business, finance and administration occupations"
Quebec,22.0,9.0,10.0,8.0,9.0,28.0,37.0,71.0,2455,Laurentides,2,Natural and applied sciences and related occupations
Quebec,4.0,1.0,0.0,8.0,8.0,24.0,63.0,124.0,2455,Laurentides,3,Health occupations
Quebec,4.0,3.0,4.0,2.0,16.0,11.0,27.0,24.0,2455,Laurentides,4,"Occupations in education, law and social, community and government services"
Quebec,5.0,3.0,4.0,2.0,0.0,3.0,2.0,4.0,2455,Laurentides,5,"Occupations in art, culture, recreation and sport"
Quebec,9.0,8.0,23.0,14.0,96.0,90.0,381.0,571.0,2455,Laurentides,6,Sales and service occupations
Quebec,11.0,14.0,43.0,114.0,174.0,77.0,223.0,232.0,2455,Laurentides,7,"Trades, transport and equipment operators and related occupations"
Quebec,2002.0,1345.0,1802.0,2537.0,2377.0,2853.0,3423.0,3443.0,2455,Laurentides,8,"Natural resources, agriculture and related production occupations"
Quebec,0.0,2.0,2.0,9.0,61.0,78.0,285.0,385.0,2455,Laurentides,9,Occupations in manufacturing and utilities
Quebec,0.0,1.0,1.0,2.0,1.0,1.0,6.0,20.0,2460,Outaouais,0,Management occupations
Quebec,0.0,1.0,0.0,2.0,7.0,2.0,20.0,20.0,2460,Outaouais,1,"Business, finance and administration occupations"
Quebec,5.0,15.0,14.0,19.0,13.0,5.0,15.0,21.0,2460,Outaouais,2,Natural and applied sciences and related occupations
Quebec,23.0,9.0,5.0,21.0,38.0,26.0,84.0,85.0,2460,Outaouais,3,Health occupations
Quebec,3.0,6.0,2.0,9.0,8.0,12.0,21.0,31.0,2460,Outaouais,4,"Occupations in education, law and social, community and government services"
Quebec,3.0,5.0,1.0,3.0,1.0,1.0,1.0,1.0,2460,Outaouais,5,"Occupations in art, culture, recreation and sport"
Quebec,9.0,8.0,3.0,13.0,36.0,30.0,198.0,199.0,2460,Outaouais,6,Sales and service occupations
Quebec,0.0,1.0,12.0,28.0,46.0,20.0,108.0,132.0,2460,Outaouais,7,"Trades, transport and equipment operators and related occupations"
Quebec,85.0,52.0,66.0,182.0,125.0,111.0,315.0,168.0,2460,Outaouais,8,"Natural resources, agriculture and related production occupations"
Quebec,0.0,0.0,0.0,4.0,2.0,9.0,65.0,13.0,2460,Outaouais,9,Occupations in manufacturing and utilities
Quebec,2.0,0.0,1.0,2.0,2.0,4.0,17.0,6.0,2465,Abitibi-Témiscamingue,0,Management occupations
Quebec,1.0,2.0,2.0,4.0,3.0,5.0,14.0,22.0,2465,Abitibi-Témiscamingue,1,"Business, finance and administration occupations"
Quebec,1.0,4.0,3.0,11.0,5.0,10.0,30.0,45.0,2465,Abitibi-Témiscamingue,2,Natural and applied sciences and related occupations
Quebec,12.0,11.0,3.0,1.0,1.0,15.0,33.0,38.0,2465,Abitibi-Témiscamingue,3,Health occupations
Quebec,2.0,2.0,1.0,4.0,3.0,9.0,15.0,30.0,2465,Abitibi-Témiscamingue,4,"Occupations in education, law and social, community and government services"
Quebec,0.0,1.0,0.0,0.0,1.0,1.0,4.0,1.0,2465,Abitibi-Témiscamingue,5,"Occupations in art, culture, recreation and sport"
Quebec,6.0,16.0,15.0,40.0,39.0,59.0,218.0,300.0,2465,Abitibi-Témiscamingue,6,Sales and service occupations
Quebec,2.0,7.0,69.0,100.0,139.0,69.0,307.0,324.0,2465,Abitibi-Témiscamingue,7,"Trades, transport and equipment operators and related occupations"
Quebec,35.0,30.0,87.0,194.0,136.0,194.0,221.0,221.0,2465,Abitibi-Témiscamingue,8,"Natural resources, agriculture and related production occupations"
Quebec,0.0,0.0,1.0,6.0,4.0,34.0,82.0,118.0,2465,Abitibi-Témiscamingue,9,Occupations in manufacturing and utilities
Quebec,1.0,2.0,3.0,2.0,1.0,3.0,6.0,4.0,2470,Mauricie,0,Management occupations
Quebec,0.0,1.0,3.0,1.0,1.0,2.0,17.0,17.0,2470,Mauricie,1,"Business, finance and administration occupations"
Quebec,0.0,8.0,15.0,17.0,19.0,24.0,52.0,36.0,2470,Mauricie,2,Natural and applied sciences and related occupations
Quebec,2.0,1.0,0.0,1.0,23.0,23.0,37.0,55.0,2470,Mauricie,3,Health occupations
Quebec,2.0,1.0,0.0,2.0,3.0,6.0,9.0,7.0,2470,Mauricie,4,"Occupations in education, law and social, community and government services"
Quebec,1.0,1.0,1.0,1.0,0.0,1.0,0.0,1.0,2470,Mauricie,5,"Occupations in art, culture, recreation and sport"
Quebec,4.0,0.0,43.0,31.0,31.0,55.0,240.0,252.0,2470,Mauricie,6,Sales and service occupations
Quebec,8.0,3.0,34.0,137.0,95.0,47.0,233.0,162.0,2470,Mauricie,7,"Trades, transport and equipment operators and related occupations"
Quebec,305.0,442.0,273.0,625.0,375.0,635.0,589.0,541.0,2470,Mauricie,8,"Natural resources, agriculture and related production occupations"
Quebec,26.0,51.0,35.0,95.0,120.0,152.0,575.0,198.0,2470,Mauricie,9,Occupations in manufacturing and utilities
Quebec,1.0,0.0,2.0,0.0,1.0,1.0,8.0,12.0,2475,Saguenay--Lac-Saint-Jean,0,Management occupations
Quebec,0.0,1.0,0.0,0.0,1.0,6.0,12.0,26.0,2475,Saguenay--Lac-Saint-Jean,1,"Business, finance and administration occupations"
Quebec,2.0,2.0,22.0,17.0,25.0,57.0,70.0,68.0,2475,Saguenay--Lac-Saint-Jean,2,Natural and applied sciences and related occupations
Quebec,1.0,1.0,2.0,0.0,16.0,25.0,53.0,51.0,2475,Saguenay--Lac-Saint-Jean,3,Health occupations
Quebec,1.0,3.0,0.0,3.0,2.0,3.0,2.0,23.0,2475,Saguenay--Lac-Saint-Jean,4,"Occupations in education, law and social, community and government services"
Quebec,2.0,0.0,0.0,2.0,0.0,1.0,2.0,2.0,2475,Saguenay--Lac-Saint-Jean,5,"Occupations in art, culture, recreation and sport"
Quebec,0.0,4.0,7.0,20.0,30.0,81.0,347.0,318.0,2475,Saguenay--Lac-Saint-Jean,6,Sales and service occupations
Quebec,1.0,1.0,13.0,97.0,88.0,140.0,414.0,384.0,2475,Saguenay--Lac-Saint-Jean,7,"Trades, transport and equipment operators and related occupations"
Quebec,229.0,220.0,369.0,675.0,686.0,765.0,950.0,1141.0,2475,Saguenay--Lac-Saint-Jean,8,"Natural resources, agriculture and related production occupations"
Quebec,15.0,23.0,38.0,85.0,143.0,169.0,373.0,369.0,2475,Saguenay--Lac-Saint-Jean,9,Occupations in manufacturing and utilities
Quebec,0.0,1.0,0.0,1.0,0.0,2.0,2.0,9.0,2480,Côte-Nord,0,Management occupations
Quebec,0.0,0.0,0.0,1.0,0.0,1.0,11.0,12.0,2480,Côte-Nord,1,"Business, finance and administration occupations"
Quebec,2.0,0.0,18.0,5.0,2.0,1.0,10.0,6.0,2480,Côte-Nord,2,Natural and applied sciences and related occupations
Quebec,1.0,0.0,0.0,8.0,18.0,8.0,65.0,31.0,2480,Côte-Nord,3,Health occupations
Quebec,0.0,0.0,0.0,0.0,4.0,4.0,5.0,1.0,2480,Côte-Nord,4,"Occupations in education, law and social, community and government services"
Quebec,0.0,2.0,1.0,1.0,0.0,1.0,0.0,1.0,2480,Côte-Nord,5,"Occupations in art, culture, recreation and sport"
Quebec,4.0,9.0,13.0,17.0,40.0,36.0,173.0,194.0,2480,Côte-Nord,6,Sales and service occupations
Quebec,4.0,6.0,20.0,16.0,52.0,49.0,100.0,200.0,2480,Côte-Nord,7,"Trades, transport and equipment operators and related occupations"
Quebec,2.0,9.0,8.0,23.0,9.0,27.0,64.0,50.0,2480,Côte-Nord,8,"Natural resources, agriculture and related production occupations"
Quebec,5.0,7.0,10.0,24.0,48.0,87.0,268.0,121.0,2480,Côte-Nord,9,Occupations in manufacturing and utilities
Quebec,0.0,0.0,0.0,0.0,0.0,1.0,0.0,3.0,2490,Nord-du-Québec,0,Management occupations
Quebec,0.0,0.0,0.0,0.0,2.0,0.0,1.0,6.0,2490,Nord-du-Québec,1,"Business, finance and administration occupations"
Quebec,0.0,0.0,0.0,9.0,2.0,2.0,9.0,10.0,2490,Nord-du-Québec,2,Natural and applied sciences and related occupations
Quebec,0.0,1.0,0.0,1.0,1.0,0.0,4.0,6.0,2490,Nord-du-Québec,3,Health occupations
Quebec,1.0,1.0,2.0,0.0,0.0,1.0,1.0,2.0,2490,Nord-du-Québec,4,"Occupations in education, law and social, community and government services"
Quebec,0.0,0.0,0.0,0.0,0.0,0.0,0.0,0.0,2490,Nord-du-Québec,5,"Occupations in art, culture, recreation and sport"
Quebec,2.0,1.0,0.0,3.0,9.0,18.0,81.0,50.0,2490,Nord-du-Québec,6,Sales and service occupations
Quebec,0.0,0.0,0.0,20.0,6.0,9.0,63.0,45.0,2490,Nord-du-Québec,7,"Trades, transport and equipment operators and related occupations"
Quebec,56.0,0.0,0.0,13.0,10.0,33.0,20.0,17.0,2490,Nord-du-Québec,8,"Natural resources, agriculture and related production occupations"
Quebec,0.0,0.0,15.0,17.0,73.0,12.0,48.0,100.0,2490,Nord-du-Québec,9,Occupations in manufacturing and utilities
Ontario,19.0,37.0,20.0,53.0,53.0,45.0,68.0,133.0,3510,Ottawa,0,Management occupations
Ontario,11.0,8.0,5.0,4.0,14.0,15.0,40.0,84.0,3510,Ottawa,1,"Business, finance and administration occupations"
Ontario,83.0,47.0,102.0,153.0,104.0,190.0,305.0,206.0,3510,Ottawa,2,Natural and applied sciences and related occupations
Ontario,20.0,16.0,11.0,10.0,13.0,32.0,120.0,169.0,3510,Ottawa,3,Health occupations
Ontario,124.0,102.0,117.0,79.0,56.0,71.0,77.0,95.0,3510,Ottawa,4,"Occupations in education, law and social, community and government services"
Ontario,65.0,34.0,39.0,30.0,10.0,10.0,23.0,16.0,3510,Ottawa,5,"Occupations in art, culture, recreation and sport"
Ontario,59.0,57.0,73.0,98.0,134.0,145.0,534.0,1098.0,3510,Ottawa,6,Sales and service occupations
Ontario,15.0,13.0,10.0,30.0,85.0,68.0,323.0,285.0,3510,Ottawa,7,"Trades, transport and equipment operators and related occupations"
Ontario,326.0,401.0,454.0,400.0,432.0,592.0,619.0,681.0,3510,Ottawa,8,"Natural resources, agriculture and related production occupations"
Ontario,0.0,0.0,1.0,2.0,61.0,27.0,240.0,215.0,3510,Ottawa,9,Occupations in manufacturing and utilities
Ontario,9.0,9.0,9.0,12.0,21.0,9.0,27.0,34.0,3515,Kingston--Pembroke,0,Management occupations
Ontario,0.0,2.0,1.0,18.0,7.0,14.0,33.0,25.0,3515,Kingston--Pembroke,1,"Business, finance and administration occupations"
Ontario,18.0,33.0,27.0,14.0,11.0,16.0,18.0,11.0,3515,Kingston--Pembroke,2,Natural and applied sciences and related occupations
Ontario,12.0,2.0,2.0,2.0,2.0,2.0,36.0,84.0,3515,Kingston--Pembroke,3,Health occupations
Ontario,27.0,13.0,42.0,33.0,20.0,21.0,21.0,50.0,3515,Kingston--Pembroke,4,"Occupations in education, law and social, community and government services"
Ontario,4.0,2.0,3.0,1.0,0.0,0.0,0.0,2.0,3515,Kingston--Pembroke,5,"Occupations in art, culture, recreation and sport"
Ontario,10.0,8.0,23.0,48.0,74.0,58.0,200.0,459.0,3515,Kingston--Pembroke,6,Sales and service occupations
Ontario,1.0,4.0,10.0,2.0,18.0,24.0,44.0,83.0,3515,Kingston--Pembroke,7,"Trades, transport and equipment operators and related occupations"
Ontario,239.0,337.0,425.0,325.0,423.0,336.0,427.0,456.0,3515,Kingston--Pembroke,8,"Natural resources, agriculture and related production occupations"
Ontario,1.0,0.0,1.0,1.0,10.0,31.0,31.0,94.0,3515,Kingston--Pembroke,9,Occupations in manufacturing and utilities
Ontario,3.0,4.0,6.0,7.0,11.0,7.0,9.0,31.0,3520,Muskoka--Kawarthas,0,Management occupations
Ontario,4.0,1.0,2.0,3.0,6.0,2.0,12.0,24.0,3520,Muskoka--Kawarthas,1,"Business, finance and administration occupations"
Ontario,12.0,2.0,5.0,5.0,1.0,2.0,7.0,5.0,3520,Muskoka--Kawarthas,2,Natural and applied sciences and related occupations
Ontario,2.0,1.0,0.0,5.0,5.0,12.0,7.0,37.0,3520,Muskoka--Kawarthas,3,Health occupations
Ontario,6.0,16.0,13.0,5.0,5.0,9.0,8.0,9.0,3520,Muskoka--Kawarthas,4,"Occupations in education, law and social, community and government services"
Ontario,0.0,0.0,2.0,0.0,1.0,0.0,2.0,0.0,3520,Muskoka--Kawarthas,5,"Occupations in art, culture, recreation and sport"
Ontario,18.0,33.0,92.0,72.0,99.0,84.0,282.0,311.0,3520,Muskoka--Kawarthas,6,Sales and service occupations
Ontario,4.0,30.0,9.0,9.0,10.0,16.0,91.0,101.0,3520,Muskoka--Kawarthas,7,"Trades, transport and equipment operators and related occupations"
Ontario,233.0,271.0,446.0,349.0,440.0,377.0,478.0,472.0,3520,Muskoka--Kawarthas,8,"Natural resources, agriculture and related production occupations"
Ontario,0.0,0.0,2.0,1.0,1.0,0.0,34.0,25.0,3520,Muskoka--Kawarthas,9,Occupations in manufacturing and utilities
Ontario,441.0,422.0,469.0,599.0,768.0,785.0,1212.0,1479.0,3530,Toronto,0,Management occupations
Ontario,338.0,443.0,415.0,747.0,1142.0,731.0,1679.0,3321.0,3530,Toronto,1,"Business, finance and administration occupations"
Ontario,549.0,709.0,785.0,1163.0,1133.0,1448.0,2664.0,2166.0,3530,Toronto,2,Natural and applied sciences and related occupations
Ontario,60.0,59.0,67.0,78.0,90.0,122.0,203.0,372.0,3530,Toronto,3,Health occupations
Ontario,2768.0,3032.0,3567.0,2784.0,1561.0,2108.0,1643.0,1902.0,3530,Toronto,4,"Occupations in education, law and social, community and government services"
Ontario,851.0,608.0,481.0,506.0,243.0,229.0,488.0,400.0,3530,Toronto,5,"Occupations in art, culture, recreation and sport"
Ontario,621.0,869.0,1054.0,1613.0,2126.0,1835.0,4074.0,6291.0,3530,Toronto,6,Sales and service occupations
Ontario,571.0,746.0,797.0,1384.0,2018.0,1830.0,4268.0,5022.0,3530,Toronto,7,"Trades, transport and equipment operators and related occupations"
Ontario,1513.0,2308.0,2001.0,2363.0,2051.0,2712.0,2986.0,2887.0,3530,Toronto,8,"Natural resources, agriculture and related production occupations"
Ontario,22.0,57.0,36.0,65.0,80.0,125.0,433.0,509.0,3530,Toronto,9,Occupations in manufacturing and utilities
Ontario,30.0,39.0,34.0,31.0,46.0,52.0,80.0,165.0,3540,Kitchener--Waterloo--Barrie,0,Management occupations
Ontario,11.0,10.0,12.0,19.0,33.0,26.0,63.0,206.0,3540,Kitchener--Waterloo--Barrie,1,"Business, finance and administration occupations"
Ontario,80.0,108.0,111.0,145.0,112.0,135.0,255.0,151.0,3540,Kitchener--Waterloo--Barrie,2,Natural and applied sciences and related occupations
Ontario,6.0,4.0,6.0,6.0,14.0,34.0,84.0,171.0,3540,Kitchener--Waterloo--Barrie,3,Health occupations
Ontario,133.0,122.0,169.0,133.0,74.0,87.0,128.0,98.0,3540,Kitchener--Waterloo--Barrie,4,"Occupations in education, law and social, community and government services"
Ontario,7.0,15.0,13.0,7.0,0.0,9.0,9.0,8.0,3540,Kitchener--Waterloo--Barrie,5,"Occupations in art, culture, recreation and sport"
Ontario,80.0,201.0,188.0,264.0,360.0,477.0,1184.0,1238.0,3540,Kitchener--Waterloo--Barrie,6,Sales and service occupations
Ontario,72.0,64.0,137.0,189.0,135.0,469.0,507.0,698.0,3540,Kitchener--Waterloo--Barrie,7,"Trades, transport and equipment operators and related occupations"
Ontario,915.0,1306.0,1180.0,1089.0,1129.0,1308.0,1289.0,1779.0,3540,Kitchener--Waterloo--Barrie,8,"Natural resources, agriculture and related production occupations"
Ontario,4.0,40.0,136.0,65.0,99.0,130.0,398.0,185.0,3540,Kitchener--Waterloo--Barrie,9,Occupations in manufacturing and utilities
Ontario,47.0,30.0,33.0,44.0,59.0,51.0,81.0,199.0,3550,Hamilton--Niagara Peninsula,0,Management occupations
Ontario,9.0,12.0,13.0,40.0,43.0,31.0,79.0,190.0,3550,Hamilton--Niagara Peninsula,1,"Business, finance and administration occupations"
Ontario,72.0,46.0,57.0,51.0,37.0,38.0,75.0,125.0,3550,Hamilton--Niagara Peninsula,2,Natural and applied sciences and related occupations
Ontario,1.0,7.0,4.0,10.0,23.0,28.0,64.0,83.0,3550,Hamilton--Niagara Peninsula,3,Health occupations
Ontario,165.0,169.0,212.0,154.0,80.0,135.0,94.0,195.0,3550,Hamilton--Niagara Peninsula,4,"Occupations in education, law and social, community and government services"
Ontario,27.0,9.0,30.0,15.0,4.0,6.0,12.0,6.0,3550,Hamilton--Niagara Peninsula,5,"Occupations in art, culture, recreation and sport"
Ontario,45.0,84.0,69.0,209.0,252.0,274.0,910.0,1375.0,3550,Hamilton--Niagara Peninsula,6,Sales and service occupations
Ontario,55.0,50.0,40.0,108.0,98.0,94.0,344.0,555.0,3550,Hamilton--Niagara Peninsula,7,"Trades, transport and equipment operators and related occupations"
Ontario,7880.0,12372.0,11474.0,10957.0,10233.0,11373.0,12545.0,15142.0,3550,Hamilton--Niagara Peninsula,8,"Natural resources, agriculture and related production occupations"
Ontario,2.0,5.0,7.0,11.0,13.0,15.0,116.0,216.0,3550,Hamilton--Niagara Peninsula,9,Occupations in manufacturing and utilities
Ontario,11.0,14.0,11.0,13.0,13.0,13.0,20.0,62.0,3560,London,0,Management occupations
Ontario,1.0,6.0,1.0,6.0,11.0,12.0,39.0,78.0,3560,London,1,"Business, finance and administration occupations"
Ontario,45.0,39.0,24.0,30.0,23.0,29.0,26.0,39.0,3560,London,2,Natural and applied sciences and related occupations
Ontario,12.0,14.0,13.0,3.0,14.0,14.0,25.0,56.0,3560,London,3,Health occupations
Ontario,57.0,54.0,60.0,58.0,35.0,39.0,42.0,46.0,3560,London,4,"Occupations in education, law and social, community and government services"
Ontario,4.0,13.0,6.0,4.0,7.0,7.0,6.0,8.0,3560,London,5,"Occupations in art, culture, recreation and sport"
Ontario,19.0,19.0,28.0,39.0,70.0,75.0,202.0,576.0,3560,London,6,Sales and service occupations
Ontario,8.0,14.0,23.0,42.0,36.0,43.0,158.0,216.0,3560,London,7,"Trades, transport and equipment operators and related occupations"
Ontario,1770.0,2487.0,2499.0,2663.0,2711.0,2506.0,3254.0,2835.0,3560,London,8,"Natural resources, agriculture and related production occupations"
Ontario,0.0,2.0,89.0,196.0,122.0,142.0,179.0,204.0,3560,London,9,Occupations in manufacturing and utilities
Ontario,11.0,13.0,8.0,19.0,11.0,14.0,31.0,46.0,3570,Windsor--Sarnia,0,Management occupations
Ontario,0.0,3.0,1.0,4.0,3.0,15.0,21.0,50.0,3570,Windsor--Sarnia,1,"Business, finance and administration occupations"
Ontario,57.0,47.0,37.0,36.0,18.0,27.0,32.0,43.0,3570,Windsor--Sarnia,2,Natural and applied sciences and related occupations
Ontario,7.0,8.0,4.0,3.0,6.0,7.0,22.0,37.0,3570,Windsor--Sarnia,3,Health occupations
Ontario,17.0,23.0,27.0,22.0,13.0,18.0,13.0,22.0,3570,Windsor--Sarnia,4,"Occupations in education, law and social, community and government services"
Ontario,3.0,1.0,2.0,0.0,0.0,0.0,2.0,2.0,3570,Windsor--Sarnia,5,"Occupations in art, culture, recreation and sport"
Ontario,4.0,29.0,9.0,33.0,44.0,57.0,140.0,313.0,3570,Windsor--Sarnia,6,Sales and service occupations
Ontario,32.0,41.0,27.0,47.0,26.0,33.0,107.0,204.0,3570,Windsor--Sarnia,7,"Trades, transport and equipment operators and related occupations"
Ontario,8281.0,8832.0,9170.0,8986.0,9483.0,10674.0,10980.0,12020.0,3570,Windsor--Sarnia,8,"Natural resources, agriculture and related production occupations"
Ontario,0.0,0.0,601.0,438.0,444.0,454.0,501.0,555.0,3570,Windsor--Sarnia,9,Occupations in manufacturing and utilities
Ontario,4.0,6.0,7.0,3.0,9.0,4.0,14.0,31.0,3580,Stratford--Bruce Peninsula,0,Management occupations
Ontario,3.0,0.0,0.0,2.0,1.0,0.0,8.0,22.0,3580,Stratford--Bruce Peninsula,1,"Business, finance and administration occupations"
Ontario,13.0,42.0,138.0,11.0,9.0,5.0,6.0,9.0,3580,Stratford--Bruce Peninsula,2,Natural and applied sciences and related occupations
Ontario,4.0,5.0,3.0,3.0,2.0,0.0,95.0,61.0,3580,Stratford--Bruce Peninsula,3,Health occupations
Ontario,10.0,13.0,16.0,19.0,4.0,11.0,9.0,8.0,3580,Stratford--Bruce Peninsula,4,"Occupations in education, law and social, community and government services"
Ontario,8.0,1.0,0.0,0.0,0.0,0.0,0.0,0.0,3580,Stratford--Bruce Peninsula,5,"Occupations in art, culture, recreation and sport"
Ontario,7.0,12.0,13.0,97.0,80.0,124.0,402.0,479.0,3580,Stratford--Bruce Peninsula,6,Sales and service occupations
Ontario,4.0,12.0,14.0,50.0,28.0,41.0,141.0,97.0,3580,Stratford--Bruce Peninsula,7,"Trades, transport and equipment operators and related occupations"
Ontario,942.0,1393.0,1548.0,1267.0,1400.0,1329.0,1873.0,2120.0,3580,Stratford--Bruce Peninsula,8,"Natural resources, agriculture and related production occupations"
Ontario,1.0,4.0,16.0,30.0,33.0,40.0,152.0,82.0,3580,Stratford--Bruce Peninsula,9,Occupations in manufacturing and utilities
Ontario,13.0,9.0,10.0,9.0,14.0,14.0,24.0,46.0,3590,Northeast,0,Management occupations
Ontario,4.0,0.0,6.0,5.0,4.0,8.0,22.0,31.0,3590,Northeast,1,"Business, finance and administration occupations"
Ontario,24.0,13.0,15.0,22.0,10.0,5.0,9.0,53.0,3590,Northeast,2,Natural and applied sciences and related occupations
Ontario,4.0,5.0,3.0,10.0,10.0,19.0,41.0,47.0,3590,Northeast,3,Health occupations
Ontario,10.0,11.0,19.0,10.0,4.0,4.0,7.0,9.0,3590,Northeast,4,"Occupations in education, law and social, community and government services"
Ontario,6.0,5.0,3.0,1.0,1.0,1.0,1.0,5.0,3590,Northeast,5,"Occupations in art, culture, recreation and sport"
Ontario,31.0,23.0,42.0,74.0,108.0,73.0,308.0,372.0,3590,Northeast,6,Sales and service occupations
Ontario,6.0,9.0,19.0,60.0,48.0,74.0,197.0,266.0,3590,Northeast,7,"Trades, transport and equipment operators and related occupations"
Ontario,138.0,226.0,214.0,190.0,187.0,140.0,225.0,294.0,3590,Northeast,8,"Natural resources, agriculture and related production occupations"
Ontario,0.0,0.0,2.0,3.0,18.0,7.0,74.0,61.0,3590,Northeast,9,Occupations in manufacturing and utilities
Ontario,5.0,0.0,7.0,4.0,9.0,7.0,8.0,12.0,3595,Northwest,0,Management occupations
Ontario,0.0,0.0,0.0,0.0,2.0,2.0,6.0,13.0,3595,Northwest,1,"Business, finance and administration occupations"
Ontario,4.0,2.0,26.0,17.0,1.0,1.0,3.0,19.0,3595,Northwest,2,Natural and applied sciences and related occupations
Ontario,5.0,2.0,5.0,3.0,14.0,2.0,70.0,18.0,3595,Northwest,3,Health occupations
Ontario,7.0,9.0,14.0,10.0,3.0,9.0,2.0,4.0,3595,Northwest,4,"Occupations in education, law and social, community and government services"
Ontario,1.0,2.0,0.0,0.0,0.0,0.0,2.0,0.0,3595,Northwest,5,"Occupations in art, culture, recreation and sport"
Ontario,7.0,25.0,28.0,39.0,60.0,82.0,210.0,361.0,3595,Northwest,6,Sales and service occupations
Ontario,1.0,3.0,7.0,3.0,19.0,7.0,56.0,75.0,3595,Northwest,7,"Trades, transport and equipment operators and related occupations"
Ontario,1.0,1.0,22.0,9.0,9.0,10.0,44.0,73.0,3595,Northwest,8,"Natural resources, agriculture and related production occupations"
Ontario,0.0,0.0,3.0,1.0,0.0,10.0,14.0,22.0,3595,Northwest,9,Occupations in manufacturing and utilities
Manitoba,1.0,1.0,1.0,2.0,3.0,2.0,3.0,6.0,4610,Southeast,0,Management occupations
Manitoba,0.0,0.0,0.0,2.0,0.0,5.0,4.0,24.0,4610,Southeast,1,"Business, finance and administration occupations"
Manitoba,1.0,0.0,1.0,0.0,0.0,2.0,0.0,2.0,4610,Southeast,2,Natural and applied sciences and related occupations
Manitoba,1.0,0.0,0.0,0.0,0.0,0.0,0.0,0.0,4610,Southeast,3,Health occupations
Manitoba,0.0,0.0,1.0,3.0,0.0,1.0,0.0,0.0,4610,Southeast,4,"Occupations in education, law and social, community and government services"
Manitoba,2.0,0.0,0.0,0.0,0.0,0.0,0.0,0.0,4610,Southeast,5,"Occupations in art, culture, recreation and sport"
Manitoba,0.0,4.0,6.0,29.0,1.0,10.0,102.0,75.0,4610,Southeast,6,Sales and service occupations
Manitoba,10.0,0.0,2.0,76.0,51.0,32.0,95.0,130.0,4610,Southeast,7,"Trades, transport and equipment operators and related occupations"
Manitoba,70.0,62.0,49.0,67.0,79.0,38.0,150.0,91.0,4610,Southeast,8,"Natural resources, agriculture and related production occupations"
Manitoba,0.0,0.0,0.0,0.0,0.0,0.0,2.0,6.0,4610,Southeast,9,Occupations in manufacturing and utilities
Manitoba,0.0,0.0,1.0,1.0,0.0,0.0,1.0,3.0,4620,South Central,0,Management occupations
Manitoba,0.0,0.0,0.0,0.0,1.0,0.0,0.0,3.0,4620,South Central,1,"Business, finance and administration occupations"
Manitoba,1.0,4.0,4.0,5.0,2.0,3.0,1.0,0.0,4620,South Central,2,Natural and applied sciences and related occupations
Manitoba,0.0,0.0,0.0,0.0,0.0,0.0,1.0,2.0,4620,South Central,3,Health occupations
Manitoba,0.0,0.0,0.0,2.0,0.0,0.0,0.0,0.0,4620,South Central,4,"Occupations in education, law and social, community and government services"
Manitoba,0.0,0.0,0.0,0.0,0.0,0.0,0.0,0.0,4620,South Central,5,"Occupations in art, culture, recreation and sport"
Manitoba,2.0,4.0,6.0,8.0,3.0,8.0,56.0,66.0,4620,South Central,6,Sales and service occupations
Manitoba,1.0,4.0,1.0,12.0,6.0,0.0,22.0,12.0,4620,South Central,7,"Trades, transport and equipment operators and related occupations"
Manitoba,125.0,82.0,183.0,200.0,178.0,186.0,183.0,345.0,4620,South Central,8,"Natural resources, agriculture and related production occupations"
Manitoba,0.0,0.0,0.0,0.0,0.0,0.0,5.0,0.0,4620,South Central,9,Occupations in manufacturing and utilities
Manitoba,5.0,1.0,3.0,4.0,0.0,2.0,8.0,4.0,4630,Southwest,0,Management occupations
Manitoba,0.0,0.0,0.0,0.0,0.0,1.0,2.0,11.0,4630,Southwest,1,"Business, finance and administration occupations"
Manitoba,4.0,8.0,6.0,4.0,14.0,6.0,15.0,8.0,4630,Southwest,2,Natural and applied sciences and related occupations
Manitoba,4.0,2.0,2.0,4.0,3.0,7.0,2.0,9.0,4630,Southwest,3,Health occupations
Manitoba,2.0,2.0,4.0,3.0,1.0,1.0,0.0,2.0,4630,Southwest,4,"Occupations in education, law and social, community and government services"
Manitoba,0.0,0.0,0.0,1.0,0.0,0.0,0.0,0.0,4630,Southwest,5,"Occupations in art, culture, recreation and sport"
Manitoba,172.0,179.0,170.0,192.0,17.0,173.0,234.0,107.0,4630,Southwest,6,Sales and service occupations
Manitoba,14.0,3.0,2.0,10.0,2.0,2.0,18.0,8.0,4630,Southwest,7,"Trades, transport and equipment operators and related occupations"
Manitoba,39.0,19.0,37.0,37.0,57.0,62.0,67.0,74.0,4630,Southwest,8,"Natural resources, agriculture and related production occupations"
Manitoba,0.0,65.0,0.0,0.0,0.0,50.0,102.0,17.0,4630,Southwest,9,Occupations in manufacturing and utilities
Manitoba,3.0,2.0,1.0,2.0,1.0,0.0,1.0,1.0,4640,North Central,0,Management occupations
Manitoba,0.0,0.0,2.0,1.0,0.0,1.0,2.0,6.0,4640,North Central,1,"Business, finance and administration occupations"
Manitoba,3.0,1.0,0.0,0.0,0.0,0.0,0.0,0.0,4640,North Central,2,Natural and applied sciences and related occupations
Manitoba,0.0,0.0,0.0,0.0,0.0,0.0,0.0,0.0,4640,North Central,3,Health occupations
Manitoba,0.0,0.0,0.0,0.0,0.0,1.0,0.0,1.0,4640,North Central,4,"Occupations in education, law and social, community and government services"
Manitoba,0.0,0.0,0.0,0.0,0.0,0.0,0.0,0.0,4640,North Central,5,"Occupations in art, culture, recreation and sport"
Manitoba,5.0,0.0,9.0,3.0,1.0,5.0,43.0,48.0,4640,North Central,6,Sales and service occupations
Manitoba,8.0,4.0,7.0,26.0,18.0,2.0,18.0,14.0,4640,North Central,7,"Trades, transport and equipment operators and related occupations"
Manitoba,301.0,290.0,284.0,275.0,474.0,336.0,381.0,587.0,4640,North Central,8,"Natural resources, agriculture and related production occupations"
Manitoba,0.0,0.0,1.0,0.0,0.0,0.0,3.0,3.0,4640,North Central,9,Occupations in manufacturing and utilities
Manitoba,7.0,7.0,12.0,25.0,19.0,22.0,29.0,30.0,4650,Winnipeg,0,Management occupations
Manitoba,7.0,6.0,12.0,26.0,22.0,37.0,166.0,283.0,4650,Winnipeg,1,"Business, finance and administration occupations"
Manitoba,10.0,25.0,86.0,33.0,24.0,54.0,67.0,40.0,4650,Winnipeg,2,Natural and applied sciences and related occupations
Manitoba,16.0,16.0,6.0,11.0,8.0,22.0,27.0,39.0,4650,Winnipeg,3,Health occupations
Manitoba,28.0,24.0,35.0,43.0,28.0,43.0,30.0,44.0,4650,Winnipeg,4,"Occupations in education, law and social, community and government services"
Manitoba,25.0,11.0,36.0,3.0,2.0,5.0,4.0,8.0,4650,Winnipeg,5,"Occupations in art, culture, recreation and sport"
Manitoba,39.0,22.0,46.0,64.0,99.0,104.0,347.0,688.0,4650,Winnipeg,6,Sales and service occupations
Manitoba,78.0,99.0,84.0,260.0,244.0,366.0,812.0,941.0,4650,Winnipeg,7,"Trades, transport and equipment operators and related occupations"
Manitoba,6.0,11.0,3.0,3.0,5.0,1.0,12.0,11.0,4650,Winnipeg,8,"Natural resources, agriculture and related production occupations"
Manitoba,0.0,0.0,5.0,4.0,2.0,2.0,117.0,14.0,4650,Winnipeg,9,Occupations in manufacturing and utilities
Manitoba,0.0,0.0,1.0,1.0,0.0,2.0,1.0,2.0,4660,Interlake,0,Management occupations
Manitoba,0.0,0.0,0.0,1.0,3.0,3.0,15.0,35.0,4660,Interlake,1,"Business, finance and administration occupations"
Manitoba,2.0,0.0,2.0,2.0,0.0,0.0,3.0,2.0,4660,Interlake,2,Natural and applied sciences and related occupations
Manitoba,3.0,3.0,0.0,0.0,1.0,2.0,2.0,2.0,4660,Interlake,3,Health occupations
Manitoba,2.0,2.0,1.0,5.0,1.0,0.0,1.0,1.0,4660,Interlake,4,"Occupations in education, law and social, community and government services"
Manitoba,0.0,0.0,0.0,0.0,0.0,0.0,1.0,0.0,4660,Interlake,5,"Occupations in art, culture, recreation and sport"
Manitoba,5.0,4.0,9.0,12.0,6.0,10.0,61.0,75.0,4660,Interlake,6,Sales and service occupations
Manitoba,7.0,0.0,4.0,52.0,57.0,92.0,167.0,281.0,4660,Interlake,7,"Trades, transport and equipment operators and related occupations"
Manitoba,35.0,149.0,137.0,179.0,172.0,66.0,106.0,92.0,4660,Interlake,8,"Natural resources, agriculture and related production occupations"
Manitoba,1.0,0.0,0.0,0.0,0.0,0.0,4.0,15.0,4660,Interlake,9,Occupations in manufacturing and utilities
Manitoba,0.0,1.0,0.0,2.0,1.0,0.0,2.0,4.0,4670,Parklands,0,Management occupations
Manitoba,0.0,0.0,0.0,0.0,1.0,0.0,1.0,1.0,4670,Parklands,1,"Business, finance and administration occupations"
Manitoba,2.0,1.0,0.0,0.0,0.0,0.0,1.0,0.0,4670,Parklands,2,Natural and applied sciences and related occupations
Manitoba,1.0,2.0,0.0,1.0,0.0,0.0,0.0,1.0,4670,Parklands,3,Health occupations
Manitoba,0.0,0.0,1.0,2.0,2.0,0.0,0.0,0.0,4670,Parklands,4,"Occupations in education, law and social, community and government services"
Manitoba,0.0,0.0,0.0,0.0,0.0,0.0,0.0,0.0,4670,Parklands,5,"Occupations in art, culture, recreation and sport"
Manitoba,7.0,11.0,12.0,15.0,21.0,11.0,81.0,89.0,4670,Parklands,6,Sales and service occupations
Manitoba,0.0,1.0,1.0,5.0,1.0,11.0,2.0,31.0,4670,Parklands,7,"Trades, transport and equipment operators and related occupations"
Manitoba,111.0,72.0,84.0,115.0,112.0,41.0,141.0,105.0,4670,Parklands,8,"Natural resources, agriculture and related production occupations"
Manitoba,0.0,0.0,0.0,1.0,0.0,0.0,1.0,0.0,4670,Parklands,9,Occupations in manufacturing and utilities
Manitoba,0.0,1.0,0.0,0.0,0.0,0.0,1.0,8.0,4680,North,0,Management occupations
Manitoba,3.0,3.0,2.0,0.0,1.0,1.0,4.0,3.0,4680,North,1,"Business, finance and administration occupations"
Manitoba,0.0,0.0,0.0,0.0,0.0,0.0,0.0,2.0,4680,North,2,Natural and applied sciences and related occupations
Manitoba,2.0,0.0,1.0,1.0,0.0,0.0,3.0,1.0,4680,North,3,Health occupations
Manitoba,25.0,20.0,19.0,14.0,6.0,1.0,5.0,5.0,4680,North,4,"Occupations in education, law and social, community and government services"
Manitoba,0.0,0.0,0.0,0.0,0.0,0.0,0.0,0.0,4680,North,5,"Occupations in art, culture, recreation and sport"
Manitoba,15.0,35.0,3.0,26.0,8.0,12.0,102.0,70.0,4680,North,6,Sales and service occupations
Manitoba,15.0,2.0,3.0,7.0,1.0,5.0,9.0,10.0,4680,North,7,"Trades, transport and equipment operators and related occupations"
Manitoba,0.0,0.0,0.0,65.0,11.0,3.0,8.0,17.0,4680,North,8,"Natural resources, agriculture and related production occupations"
Manitoba,0.0,0.0,0.0,0.0,0.0,0.0,0.0,0.0,4680,North,9,Occupations in manufacturing and utilities
Saskatchewan,7.0,7.0,3.0,6.0,6.0,11.0,7.0,18.0,4710,Regina--Moose Mountain,0,Management occupations
Saskatchewan,1.0,0.0,0.0,1.0,1.0,5.0,23.0,28.0,4710,Regina--Moose Mountain,1,"Business, finance and administration occupations"
Saskatchewan,69.0,46.0,24.0,22.0,3.0,8.0,23.0,7.0,4710,Regina--Moose Mountain,2,Natural and applied sciences and related occupations
Saskatchewan,8.0,9.0,12.0,4.0,7.0,9.0,11.0,12.0,4710,Regina--Moose Mountain,3,Health occupations
Saskatchewan,18.0,16.0,33.0,19.0,1.0,13.0,6.0,6.0,4710,Regina--Moose Mountain,4,"Occupations in education, law and social, community and government services"
Saskatchewan,1.0,2.0,8.0,4.0,0.0,0.0,5.0,4.0,4710,Regina--Moose Mountain,5,"Occupations in art, culture, recreation and sport"
Saskatchewan,58.0,55.0,36.0,64.0,47.0,76.0,240.0,336.0,4710,Regina--Moose Mountain,6,Sales and service occupations
Saskatchewan,89.0,27.0,37.0,102.0,65.0,80.0,163.0,173.0,4710,Regina--Moose Mountain,7,"Trades, transport and equipment operators and related occupations"
Saskatchewan,57.0,75.0,82.0,100.0,90.0,90.0,154.0,132.0,4710,Regina--Moose Mountain,8,"Natural resources, agriculture and related production occupations"
Saskatchewan,0.0,0.0,2.0,2.0,0.0,1.0,9.0,5.0,4710,Regina--Moose Mountain,9,Occupations in manufacturing and utilities
Saskatchewan,2.0,0.0,1.0,0.0,0.0,1.0,2.0,2.0,4720,Swift Current--Moose Jaw,0,Management occupations
Saskatchewan,0.0,0.0,0.0,0.0,0.0,1.0,3.0,10.0,4720,Swift Current--Moose Jaw,1,"Business, finance and administration occupations"
Saskatchewan,4.0,1.0,0.0,3.0,2.0,0.0,4.0,2.0,4720,Swift Current--Moose Jaw,2,Natural and applied sciences and related occupations
Saskatchewan,3.0,4.0,2.0,1.0,1.0,1.0,5.0,5.0,4720,Swift Current--Moose Jaw,3,Health occupations
Saskatchewan,4.0,2.0,7.0,2.0,1.0,4.0,0.0,3.0,4720,Swift Current--Moose Jaw,4,"Occupations in education, law and social, community and government services"
Saskatchewan,0.0,0.0,0.0,0.0,0.0,0.0,0.0,0.0,4720,Swift Current--Moose Jaw,5,"Occupations in art, culture, recreation and sport"
Saskatchewan,16.0,21.0,8.0,59.0,40.0,20.0,110.0,100.0,4720,Swift Current--Moose Jaw,6,Sales and service occupations
Saskatchewan,0.0,9.0,4.0,26.0,4.0,6.0,41.0,55.0,4720,Swift Current--Moose Jaw,7,"Trades, transport and equipment operators and related occupations"
Saskatchewan,68.0,70.0,63.0,116.0,101.0,45.0,155.0,132.0,4720,Swift Current--Moose Jaw,8,"Natural resources, agriculture and related production occupations"
Saskatchewan,0.0,0.0,0.0,2.0,0.0,0.0,30.0,3.0,4720,Swift Current--Moose Jaw,9,Occupations in manufacturing and utilities
Saskatchewan,4.0,7.0,3.0,1.0,5.0,7.0,11.0,14.0,4730,Saskatoon--Biggar,0,Management occupations
Saskatchewan,2.0,3.0,1.0,5.0,1.0,3.0,15.0,28.0,4730,Saskatoon--Biggar,1,"Business, finance and administration occupations"
Saskatchewan,5.0,28.0,37.0,24.0,14.0,26.0,18.0,7.0,4730,Saskatoon--Biggar,2,Natural and applied sciences and related occupations
Saskatchewan,8.0,10.0,6.0,4.0,5.0,6.0,12.0,3.0,4730,Saskatoon--Biggar,3,Health occupations
Saskatchewan,35.0,31.0,49.0,38.0,10.0,10.0,14.0,13.0,4730,Saskatoon--Biggar,4,"Occupations in education, law and social, community and government services"
Saskatchewan,1.0,2.0,1.0,0.0,0.0,1.0,2.0,0.0,4730,Saskatoon--Biggar,5,"Occupations in art, culture, recreation and sport"
Saskatchewan,39.0,25.0,26.0,50.0,48.0,74.0,244.0,343.0,4730,Saskatoon--Biggar,6,Sales and service occupations
Saskatchewan,49.0,23.0,37.0,37.0,57.0,80.0,188.0,240.0,4730,Saskatoon--Biggar,7,"Trades, transport and equipment operators and related occupations"
Saskatchewan,141.0,154.0,189.0,172.0,161.0,152.0,157.0,270.0,4730,Saskatoon--Biggar,8,"Natural resources, agriculture and related production occupations"
Saskatchewan,0.0,0.0,2.0,0.0,0.0,6.0,28.0,35.0,4730,Saskatoon--Biggar,9,Occupations in manufacturing and utilities
Saskatchewan,4.0,0.0,0.0,2.0,1.0,1.0,0.0,0.0,4740,Yorkton--Melville,0,Management occupations
Saskatchewan,0.0,0.0,0.0,0.0,0.0,0.0,0.0,1.0,4740,Yorkton--Melville,1,"Business, finance and administration occupations"
Saskatchewan,3.0,1.0,0.0,0.0,0.0,0.0,1.0,2.0,4740,Yorkton--Melville,2,Natural and applied sciences and related occupations
Saskatchewan,0.0,2.0,0.0,2.0,1.0,0.0,1.0,3.0,4740,Yorkton--Melville,3,Health occupations
Saskatchewan,3.0,3.0,3.0,4.0,2.0,2.0,3.0,1.0,4740,Yorkton--Melville,4,"Occupations in education, law and social, community and government services"
Saskatchewan,0.0,0.0,0.0,0.0,0.0,0.0,0.0,0.0,4740,Yorkton--Melville,5,"Occupations in art, culture, recreation and sport"
Saskatchewan,35.0,22.0,25.0,33.0,27.0,14.0,74.0,121.0,4740,Yorkton--Melville,6,Sales and service occupations
Saskatchewan,1.0,4.0,2.0,13.0,1.0,3.0,4.0,16.0,4740,Yorkton--Melville,7,"Trades, transport and equipment operators and related occupations"
Saskatchewan,71.0,94.0,59.0,123.0,113.0,78.0,110.0,132.0,4740,Yorkton--Melville,8,"Natural resources, agriculture and related production occupations"
Saskatchewan,0.0,0.0,2.0,0.0,0.0,0.0,0.0,6.0,4740,Yorkton--Melville,9,Occupations in manufacturing and utilities
Saskatchewan,0.0,2.0,0.0,1.0,1.0,2.0,1.0,2.0,4750,Prince Albert,0,Management occupations
Saskatchewan,1.0,2.0,0.0,0.0,1.0,1.0,1.0,1.0,4750,Prince Albert,1,"Business, finance and administration occupations"
Saskatchewan,6.0,11.0,7.0,9.0,8.0,9.0,10.0,14.0,4750,Prince Albert,2,Natural and applied sciences and related occupations
Saskatchewan,22.0,16.0,18.0,5.0,14.0,12.0,14.0,7.0,4750,Prince Albert,3,Health occupations
Saskatchewan,17.0,20.0,19.0,13.0,7.0,12.0,5.0,3.0,4750,Prince Albert,4,"Occupations in education, law and social, community and government services"
Saskatchewan,1.0,0.0,0.0,0.0,0.0,0.0,0.0,0.0,4750,Prince Albert,5,"Occupations in art, culture, recreation and sport"
Saskatchewan,23.0,35.0,35.0,66.0,28.0,70.0,172.0,199.0,4750,Prince Albert,6,Sales and service occupations
Saskatchewan,3.0,3.0,7.0,1.0,6.0,6.0,15.0,28.0,4750,Prince Albert,7,"Trades, transport and equipment operators and related occupations"
Saskatchewan,208.0,216.0,203.0,290.0,278.0,241.0,304.0,551.0,4750,Prince Albert,8,"Natural resources, agriculture and related production occupations"
Saskatchewan,0.0,3.0,0.0,0.0,2.0,0.0,10.0,5.0,4750,Prince Albert,9,Occupations in manufacturing and utilities
Saskatchewan,2.0,2.0,2.0,4.0,2.0,2.0,2.0,3.0,4760,Northern,0,Management occupations
Saskatchewan,0.0,0.0,0.0,0.0,0.0,0.0,0.0,0.0,4760,Northern,1,"Business, finance and administration occupations"
Saskatchewan,5.0,0.0,0.0,0.0,0.0,0.0,0.0,0.0,4760,Northern,2,Natural and applied sciences and related occupations
Saskatchewan,0.0,1.0,0.0,1.0,0.0,0.0,0.0,0.0,4760,Northern,3,Health occupations
Saskatchewan,1.0,1.0,2.0,1.0,0.0,0.0,0.0,0.0,4760,Northern,4,"Occupations in education, law and social, community and government services"
Saskatchewan,0.0,0.0,0.0,0.0,0.0,0.0,0.0,0.0,4760,Northern,5,"Occupations in art, culture, recreation and sport"
Saskatchewan,0.0,2.0,1.0,2.0,0.0,2.0,15.0,5.0,4760,Northern,6,Sales and service occupations
Saskatchewan,2.0,0.0,0.0,0.0,0.0,0.0,1.0,1.0,4760,Northern,7,"Trades, transport and equipment operators and related occupations"
Saskatchewan,0.0,0.0,5.0,0.0,0.0,0.0,0.0,0.0,4760,Northern,8,"Natural resources, agriculture and related production occupations"
Saskatchewan,0.0,0.0,0.0,0.0,0.0,0.0,0.0,0.0,4760,Northern,9,Occupations in manufacturing and utilities
Alberta,36.0,12.0,7.0,12.0,3.0,5.0,19.0,9.0,4810,Lethbridge--Medicine Hat,0,Management occupations
Alberta,4.0,6.0,4.0,5.0,4.0,7.0,24.0,35.0,4810,Lethbridge--Medicine Hat,1,"Business, finance and administration occupations"
Alberta,20.0,2.0,3.0,1.0,2.0,1.0,3.0,11.0,4810,Lethbridge--Medicine Hat,2,Natural and applied sciences and related occupations
Alberta,5.0,6.0,4.0,7.0,8.0,6.0,13.0,32.0,4810,Lethbridge--Medicine Hat,3,Health occupations
Alberta,25.0,29.0,28.0,20.0,7.0,10.0,10.0,7.0,4810,Lethbridge--Medicine Hat,4,"Occupations in education, law and social, community and government services"
Alberta,1.0,1.0,2.0,2.0,0.0,0.0,1.0,0.0,4810,Lethbridge--Medicine Hat,5,"Occupations in art, culture, recreation and sport"
Alberta,130.0,183.0,103.0,176.0,119.0,138.0,541.0,500.0,4810,Lethbridge--Medicine Hat,6,Sales and service occupations
Alberta,30.0,23.0,14.0,26.0,2.0,1.0,64.0,91.0,4810,Lethbridge--Medicine Hat,7,"Trades, transport and equipment operators and related occupations"
Alberta,1132.0,991.0,1015.0,1197.0,1021.0,1312.0,1157.0,1838.0,4810,Lethbridge--Medicine Hat,8,"Natural resources, agriculture and related production occupations"
Alberta,80.0,195.0,100.0,220.0,273.0,100.0,359.0,199.0,4810,Lethbridge--Medicine Hat,9,Occupations in manufacturing and utilities
Alberta,18.0,8.0,14.0,11.0,5.0,8.0,16.0,13.0,4820,Camrose--Drumheller,0,Management occupations
Alberta,2.0,0.0,1.0,1.0,3.0,5.0,27.0,21.0,4820,Camrose--Drumheller,1,"Business, finance and administration occupations"
Alberta,1.0,2.0,2.0,2.0,2.0,1.0,2.0,1.0,4820,Camrose--Drumheller,2,Natural and applied sciences and related occupations
Alberta,19.0,0.0,1.0,7.0,0.0,7.0,13.0,26.0,4820,Camrose--Drumheller,3,Health occupations
Alberta,17.0,24.0,21.0,13.0,7.0,11.0,8.0,8.0,4820,Camrose--Drumheller,4,"Occupations in education, law and social, community and government services"
Alberta,1.0,1.0,2.0,2.0,1.0,0.0,2.0,1.0,4820,Camrose--Drumheller,5,"Occupations in art, culture, recreation and sport"
Alberta,179.0,149.0,149.0,200.0,134.0,144.0,517.0,489.0,4820,Camrose--Drumheller,6,Sales and service occupations
Alberta,18.0,10.0,12.0,9.0,10.0,3.0,94.0,62.0,4820,Camrose--Drumheller,7,"Trades, transport and equipment operators and related occupations"
Alberta,237.0,269.0,319.0,329.0,277.0,374.0,431.0,522.0,4820,Camrose--Drumheller,8,"Natural resources, agriculture and related production occupations"
Alberta,7.0,14.0,10.0,36.0,13.0,22.0,6.0,33.0,4820,Camrose--Drumheller,9,Occupations in manufacturing and utilities
Alberta,188.0,134.0,72.0,114.0,79.0,98.0,163.0,194.0,4830,Calgary,0,Management occupations
Alberta,81.0,70.0,58.0,179.0,155.0,180.0,736.0,990.0,4830,Calgary,1,"Business, finance and administration occupations"
Alberta,108.0,78.0,71.0,124.0,76.0,147.0,485.0,268.0,4830,Calgary,2,Natural and applied sciences and related occupations
Alberta,33.0,28.0,25.0,26.0,17.0,20.0,36.0,75.0,4830,Calgary,3,Health occupations
Alberta,516.0,467.0,589.0,425.0,158.0,233.0,176.0,207.0,4830,Calgary,4,"Occupations in education, law and social, community and government services"
Alberta,77.0,40.0,38.0,43.0,18.0,22.0,62.0,56.0,4830,Calgary,5,"Occupations in art, culture, recreation and sport"
Alberta,1103.0,970.0,774.0,1321.0,787.0,873.0,2796.0,3692.0,4830,Calgary,6,Sales and service occupations
Alberta,465.0,407.0,376.0,992.0,595.0,355.0,2156.0,2694.0,4830,Calgary,7,"Trades, transport and equipment operators and related occupations"
Alberta,215.0,176.0,279.0,247.0,255.0,212.0,301.0,614.0,4830,Calgary,8,"Natural resources, agriculture and related production occupations"
Alberta,67.0,31.0,60.0,70.0,20.0,37.0,152.0,193.0,4830,Calgary,9,Occupations in manufacturing and utilities
Alberta,12.0,14.0,5.0,11.0,10.0,6.0,18.0,8.0,4840,Banff--Jasper--Rocky Mountain House,0,Management occupations
Alberta,1.0,3.0,0.0,8.0,3.0,4.0,17.0,14.0,4840,Banff--Jasper--Rocky Mountain House,1,"Business, finance and administration occupations"
Alberta,2.0,1.0,4.0,3.0,1.0,0.0,0.0,2.0,4840,Banff--Jasper--Rocky Mountain House,2,Natural and applied sciences and related occupations
Alberta,5.0,1.0,1.0,3.0,2.0,2.0,4.0,21.0,4840,Banff--Jasper--Rocky Mountain House,3,Health occupations
Alberta,6.0,15.0,23.0,12.0,4.0,8.0,4.0,11.0,4840,Banff--Jasper--Rocky Mountain House,4,"Occupations in education, law and social, community and government services"
Alberta,29.0,17.0,19.0,10.0,1.0,1.0,1.0,14.0,4840,Banff--Jasper--Rocky Mountain House,5,"Occupations in art, culture, recreation and sport"
Alberta,257.0,264.0,212.0,494.0,234.0,265.0,1175.0,750.0,4840,Banff--Jasper--Rocky Mountain House,6,Sales and service occupations
Alberta,14.0,13.0,21.0,8.0,8.0,8.0,18.0,37.0,4840,Banff--Jasper--Rocky Mountain House,7,"Trades, transport and equipment operators and related occupations"
Alberta,14.0,38.0,68.0,67.0,45.0,47.0,57.0,82.0,4840,Banff--Jasper--Rocky Mountain House,8,"Natural resources, agriculture and related production occupations"
Alberta,3.0,2.0,0.0,10.0,0.0,0.0,4.0,9.0,4840,Banff--Jasper--Rocky Mountain House,9,Occupations in manufacturing and utilities
Alberta,23.0,8.0,3.0,8.0,5.0,1.0,13.0,18.0,4850,Red Deer,0,Management occupations
Alberta,2.0,2.0,1.0,2.0,2.0,7.0,17.0,21.0,4850,Red Deer,1,"Business, finance and administration occupations"
Alberta,8.0,8.0,4.0,6.0,1.0,0.0,6.0,9.0,4850,Red Deer,2,Natural and applied sciences and related occupations
Alberta,5.0,4.0,1.0,3.0,4.0,8.0,15.0,30.0,4850,Red Deer,3,Health occupations
Alberta,46.0,46.0,48.0,21.0,12.0,21.0,19.0,16.0,4850,Red Deer,4,"Occupations in education, law and social, community and government services"
Alberta,6.0,6.0,5.0,2.0,2.0,1.0,1.0,7.0,4850,Red Deer,5,"Occupations in art, culture, recreation and sport"
Alberta,139.0,134.0,117.0,192.0,102.0,139.0,447.0,514.0,4850,Red Deer,6,Sales and service occupations
Alberta,18.0,29.0,24.0,40.0,23.0,13.0,78.0,67.0,4850,Red Deer,7,"Trades, transport and equipment operators and related occupations"
Alberta,140.0,201.0,252.0,231.0,260.0,234.0,333.0,456.0,4850,Red Deer,8,"Natural resources, agriculture and related production occupations"
Alberta,8.0,4.0,1.0,2.0,6.0,4.0,248.0,5.0,4850,Red Deer,9,Occupations in manufacturing and utilities
Alberta,162.0,106.0,49.0,87.0,44.0,81.0,137.0,179.0,4860,Edmonton,0,Management occupations
Alberta,99.0,71.0,92.0,271.0,180.0,272.0,922.0,1113.0,4860,Edmonton,1,"Business, finance and administration occupations"
Alberta,83.0,51.0,76.0,93.0,55.0,77.0,205.0,159.0,4860,Edmonton,2,Natural and applied sciences and related occupations
Alberta,52.0,42.0,35.0,44.0,30.0,21.0,33.0,58.0,4860,Edmonton,3,Health occupations
Alberta,469.0,521.0,576.0,468.0,203.0,272.0,332.0,343.0,4860,Edmonton,4,"Occupations in education, law and social, community and government services"
Alberta,29.0,25.0,12.0,22.0,12.0,15.0,33.0,39.0,4860,Edmonton,5,"Occupations in art, culture, recreation and sport"
Alberta,1453.0,1090.0,784.0,1467.0,816.0,1172.0,3219.0,4013.0,4860,Edmonton,6,Sales and service occupations
Alberta,563.0,642.0,585.0,1380.0,608.0,583.0,2701.0,2793.0,4860,Edmonton,7,"Trades, transport and equipment operators and related occupations"
Alberta,306.0,246.0,317.0,332.0,286.0,258.0,360.0,595.0,4860,Edmonton,8,"Natural resources, agriculture and related production occupations"
Alberta,84.0,28.0,37.0,46.0,10.0,11.0,121.0,157.0,4860,Edmonton,9,Occupations in manufacturing and utilities
Alberta,33.0,27.0,19.0,22.0,10.0,12.0,14.0,9.0,4870,Athabasca--Grande Prairie--Peace River,0,Management occupations
Alberta,8.0,4.0,8.0,4.0,7.0,9.0,33.0,25.0,4870,Athabasca--Grande Prairie--Peace River,1,"Business, finance and administration occupations"
Alberta,3.0,8.0,6.0,4.0,0.0,10.0,6.0,3.0,4870,Athabasca--Grande Prairie--Peace River,2,Natural and applied sciences and related occupations
Alberta,25.0,7.0,6.0,10.0,13.0,13.0,41.0,102.0,4870,Athabasca--Grande Prairie--Peace River,3,Health occupations
Alberta,64.0,62.0,73.0,47.0,17.0,21.0,10.0,20.0,4870,Athabasca--Grande Prairie--Peace River,4,"Occupations in education, law and social, community and government services"
Alberta,0.0,1.0,1.0,2.0,2.0,3.0,0.0,0.0,4870,Athabasca--Grande Prairie--Peace River,5,"Occupations in art, culture, recreation and sport"
Alberta,306.0,349.0,300.0,561.0,275.0,418.0,1004.0,868.0,4870,Athabasca--Grande Prairie--Peace River,6,Sales and service occupations
Alberta,39.0,24.0,30.0,76.0,29.0,22.0,91.0,146.0,4870,Athabasca--Grande Prairie--Peace River,7,"Trades, transport and equipment operators and related occupations"
Alberta,197.0,280.0,339.0,401.0,278.0,293.0,364.0,531.0,4870,Athabasca--Grande Prairie--Peace River,8,"Natural resources, agriculture and related production occupations"
Alberta,5.0,5.0,1.0,0.0,1.0,2.0,22.0,12.0,4870,Athabasca--Grande Prairie--Peace River,9,Occupations in manufacturing and utilities
Alberta,36.0,16.0,12.0,3.0,9.0,8.0,6.0,8.0,4880,Wood Buffalo--Cold Lake,0,Management occupations
Alberta,4.0,5.0,2.0,4.0,5.0,4.0,10.0,19.0,4880,Wood Buffalo--Cold Lake,1,"Business, finance and administration occupations"
Alberta,30.0,32.0,38.0,21.0,15.0,0.0,18.0,14.0,4880,Wood Buffalo--Cold Lake,2,Natural and applied sciences and related occupations
Alberta,11.0,6.0,2.0,1.0,0.0,7.0,9.0,24.0,4880,Wood Buffalo--Cold Lake,3,Health occupations
Alberta,106.0,118.0,129.0,86.0,23.0,39.0,33.0,37.0,4880,Wood Buffalo--Cold Lake,4,"Occupations in education, law and social, community and government services"
Alberta,3.0,5.0,5.0,3.0,0.0,2.0,0.0,1.0,4880,Wood Buffalo--Cold Lake,5,"Occupations in art, culture, recreation and sport"
Alberta,186.0,289.0,152.0,258.0,172.0,200.0,551.0,501.0,4880,Wood Buffalo--Cold Lake,6,Sales and service occupations
Alberta,48.0,25.0,61.0,32.0,33.0,37.0,115.0,78.0,4880,Wood Buffalo--Cold Lake,7,"Trades, transport and equipment operators and related occupations"
Alberta,96.0,113.0,111.0,121.0,151.0,110.0,110.0,218.0,4880,Wood Buffalo--Cold Lake,8,"Natural resources, agriculture and related production occupations"
Alberta,11.0,1.0,2.0,7.0,6.0,0.0,4.0,0.0,4880,Wood Buffalo--Cold Lake,9,Occupations in manufacturing and utilities
British Columbia,36.0,51.0,44.0,58.0,95.0,67.0,120.0,108.0,5910,Vancouver Island and Coast,0,Management occupations
British Columbia,11.0,7.0,2.0,9.0,13.0,16.0,53.0,86.0,5910,Vancouver Island and Coast,1,"Business, finance and administration occupations"
British Columbia,140.0,76.0,46.0,47.0,29.0,36.0,36.0,32.0,5910,Vancouver Island and Coast,2,Natural and applied sciences and related occupations
British Columbia,5.0,5.0,8.0,19.0,44.0,35.0,83.0,69.0,5910,Vancouver Island and Coast,3,Health occupations
British Columbia,134.0,145.0,191.0,139.0,111.0,108.0,129.0,152.0,5910,Vancouver Island and Coast,4,"Occupations in education, law and social, community and government services"
British Columbia,38.0,15.0,10.0,11.0,12.0,14.0,19.0,10.0,5910,Vancouver Island and Coast,5,"Occupations in art, culture, recreation and sport"
British Columbia,154.0,330.0,330.0,661.0,572.0,844.0,1890.0,1733.0,5910,Vancouver Island and Coast,6,Sales and service occupations
British Columbia,794.0,49.0,18.0,58.0,45.0,87.0,246.0,268.0,5910,Vancouver Island and Coast,7,"Trades, transport and equipment operators and related occupations"
British Columbia,173.0,198.0,263.0,282.0,294.0,282.0,368.0,487.0,5910,Vancouver Island and Coast,8,"Natural resources, agriculture and related production occupations"
British Columbia,6.0,16.0,4.0,18.0,63.0,84.0,337.0,176.0,5910,Vancouver Island and Coast,9,Occupations in manufacturing and utilities
British Columbia,391.0,453.0,362.0,698.0,924.0,826.0,1136.0,909.0,5920,Lower Mainland--Southwest,0,Management occupations
British Columbia,343.0,412.0,394.0,1011.0,1009.0,851.0,1847.0,2025.0,5920,Lower Mainland--Southwest,1,"Business, finance and administration occupations"
British Columbia,620.0,788.0,652.0,868.0,873.0,914.0,1517.0,840.0,5920,Lower Mainland--Southwest,2,Natural and applied sciences and related occupations
British Columbia,40.0,46.0,51.0,69.0,69.0,92.0,144.0,195.0,5920,Lower Mainland--Southwest,3,Health occupations
British Columbia,1486.0,1846.0,2425.0,1950.0,1276.0,1523.0,1188.0,1180.0,5920,Lower Mainland--Southwest,4,"Occupations in education, law and social, community and government services"
British Columbia,1996.0,1404.0,1114.0,993.0,483.0,578.0,860.0,684.0,5920,Lower Mainland--Southwest,5,"Occupations in art, culture, recreation and sport"
British Columbia,1395.0,2155.0,2397.0,4315.0,3398.0,3117.0,6373.0,6513.0,5920,Lower Mainland--Southwest,6,Sales and service occupations
British Columbia,1534.0,2490.0,2368.0,5694.0,4013.0,4639.0,8068.0,7735.0,5920,Lower Mainland--Southwest,7,"Trades, transport and equipment operators and related occupations"
British Columbia,5473.0,6466.0,9778.0,7012.0,8685.0,7697.0,9309.0,14255.0,5920,Lower Mainland--Southwest,8,"Natural resources, agriculture and related production occupations"
British Columbia,32.0,93.0,160.0,275.0,448.0,485.0,1218.0,847.0,5920,Lower Mainland--Southwest,9,Occupations in manufacturing and utilities
British Columbia,28.0,32.0,30.0,58.0,120.0,65.0,74.0,81.0,5930,Thompson--Okanagan,0,Management occupations
British Columbia,9.0,6.0,11.0,12.0,15.0,23.0,57.0,83.0,5930,Thompson--Okanagan,1,"Business, finance and administration occupations"
British Columbia,8.0,14.0,9.0,12.0,13.0,18.0,15.0,13.0,5930,Thompson--Okanagan,2,Natural and applied sciences and related occupations
British Columbia,5.0,5.0,0.0,25.0,13.0,27.0,49.0,56.0,5930,Thompson--Okanagan,3,Health occupations
British Columbia,50.0,66.0,97.0,50.0,43.0,45.0,29.0,37.0,5930,Thompson--Okanagan,4,"Occupations in education, law and social, community and government services"
British Columbia,50.0,58.0,35.0,32.0,6.0,26.0,22.0,13.0,5930,Thompson--Okanagan,5,"Occupations in art, culture, recreation and sport"
British Columbia,186.0,329.0,377.0,567.0,521.0,689.0,2207.0,1659.0,5930,Thompson--Okanagan,6,Sales and service occupations
British Columbia,14.0,22.0,61.0,68.0,66.0,105.0,496.0,429.0,5930,Thompson--Okanagan,7,"Trades, transport and equipment operators and related occupations"
British Columbia,3888.0,3885.0,6209.0,5457.0,6140.0,5823.0,6456.0,9213.0,5930,Thompson--Okanagan,8,"Natural resources, agriculture and related production occupations"
British Columbia,5.0,3.0,1.0,18.0,12.0,61.0,82.0,110.0,5930,Thompson--Okanagan,9,Occupations in manufacturing and utilities
British Columbia,3.0,4.0,3.0,11.0,21.0,14.0,15.0,26.0,5940,Kootenay,0,Management occupations
British Columbia,0.0,1.0,0.0,2.0,5.0,1.0,7.0,9.0,5940,Kootenay,1,"Business, finance and administration occupations"
British Columbia,4.0,7.0,5.0,2.0,3.0,3.0,5.0,2.0,5940,Kootenay,2,Natural and applied sciences and related occupations
British Columbia,11.0,14.0,3.0,2.0,8.0,8.0,2.0,1.0,5940,Kootenay,3,Health occupations
British Columbia,10.0,14.0,12.0,19.0,4.0,6.0,4.0,8.0,5940,Kootenay,4,"Occupations in education, law and social, community and government services"
British Columbia,4.0,1.0,1.0,1.0,0.0,0.0,16.0,6.0,5940,Kootenay,5,"Occupations in art, culture, recreation and sport"
British Columbia,43.0,64.0,67.0,156.0,121.0,105.0,409.0,363.0,5940,Kootenay,6,Sales and service occupations
British Columbia,18.0,0.0,4.0,19.0,26.0,30.0,55.0,75.0,5940,Kootenay,7,"Trades, transport and equipment operators and related occupations"
British Columbia,129.0,137.0,364.0,233.0,411.0,312.0,649.0,1166.0,5940,Kootenay,8,"Natural resources, agriculture and related production occupations"
British Columbia,2.0,0.0,0.0,1.0,0.0,0.0,0.0,4.0,5940,Kootenay,9,Occupations in manufacturing and utilities
British Columbia,7.0,8.0,8.0,15.0,21.0,17.0,21.0,18.0,5950,Cariboo,0,Management occupations
British Columbia,2.0,1.0,1.0,4.0,10.0,11.0,17.0,18.0,5950,Cariboo,1,"Business, finance and administration occupations"
British Columbia,8.0,6.0,3.0,4.0,1.0,1.0,6.0,7.0,5950,Cariboo,2,Natural and applied sciences and related occupations
British Columbia,6.0,8.0,1.0,10.0,5.0,7.0,8.0,9.0,5950,Cariboo,3,Health occupations
British Columbia,16.0,11.0,25.0,12.0,9.0,7.0,4.0,4.0,5950,Cariboo,4,"Occupations in education, law and social, community and government services"
British Columbia,17.0,6.0,0.0,3.0,0.0,1.0,5.0,15.0,5950,Cariboo,5,"Occupations in art, culture, recreation and sport"
British Columbia,47.0,39.0,62.0,98.0,78.0,94.0,286.0,329.0,5950,Cariboo,6,Sales and service occupations
British Columbia,30.0,4.0,13.0,29.0,15.0,20.0,34.0,42.0,5950,Cariboo,7,"Trades, transport and equipment operators and related occupations"
British Columbia,13.0,52.0,150.0,267.0,185.0,85.0,136.0,142.0,5950,Cariboo,8,"Natural resources, agriculture and related production occupations"
British Columbia,10.0,16.0,2.0,4.0,2.0,2.0,1.0,0.0,5950,Cariboo,9,Occupations in manufacturing and utilities
British Columbia,4.0,3.0,4.0,6.0,10.0,14.0,20.0,11.0,5960,North Coast,0,Management occupations
British Columbia,1.0,2.0,2.0,5.0,1.0,1.0,8.0,14.0,5960,North Coast,1,"Business, finance and administration occupations"
British Columbia,5.0,0.0,19.0,18.0,3.0,0.0,2.0,1.0,5960,North Coast,2,Natural and applied sciences and related occupations
British Columbia,0.0,3.0,0.0,0.0,3.0,4.0,9.0,5.0,5960,North Coast,3,Health occupations
British Columbia,8.0,3.0,4.0,6.0,1.0,5.0,4.0,2.0,5960,North Coast,4,"Occupations in education, law and social, community and government services"
British Columbia,0.0,2.0,0.0,0.0,0.0,2.0,0.0,2.0,5960,North Coast,5,"Occupations in art, culture, recreation and sport"
British Columbia,32.0,26.0,48.0,85.0,68.0,101.0,193.0,227.0,5960,North Coast,6,Sales and service occupations
British Columbia,1.0,1.0,7.0,44.0,11.0,13.0,115.0,24.0,5960,North Coast,7,"Trades, transport and equipment operators and related occupations"
British Columbia,0.0,0.0,2.0,0.0,4.0,4.0,2.0,14.0,5960,North Coast,8,"Natural resources, agriculture and related production occupations"
British Columbia,10.0,0.0,0.0,0.0,18.0,11.0,4.0,9.0,5960,North Coast,9,Occupations in manufacturing and utilities
British Columbia,3.0,3.0,0.0,3.0,5.0,5.0,10.0,8.0,5970,Nechako,0,Management occupations
British Columbia,0.0,1.0,2.0,0.0,5.0,0.0,2.0,4.0,5970,Nechako,1,"Business, finance and administration occupations"
British Columbia,2.0,0.0,0.0,0.0,0.0,0.0,0.0,2.0,5970,Nechako,2,Natural and applied sciences and related occupations
British Columbia,0.0,0.0,0.0,0.0,0.0,1.0,0.0,1.0,5970,Nechako,3,Health occupations
British Columbia,3.0,2.0,3.0,0.0,0.0,1.0,0.0,0.0,5970,Nechako,4,"Occupations in education, law and social, community and government services"
British Columbia,1.0,0.0,0.0,1.0,0.0,1.0,6.0,0.0,5970,Nechako,5,"Occupations in art, culture, recreation and sport"
British Columbia,15.0,15.0,30.0,51.0,55.0,74.0,148.0,118.0,5970,Nechako,6,Sales and service occupations
British Columbia,4.0,1.0,0.0,4.0,4.0,32.0,56.0,30.0,5970,Nechako,7,"Trades, transport and equipment operators and related occupations"
British Columbia,0.0,6.0,1.0,52.0,4.0,13.0,22.0,17.0,5970,Nechako,8,"Natural resources, agriculture and related production occupations"
British Columbia,0.0,0.0,0.0,0.0,0.0,1.0,0.0,2.0,5970,Nechako,9,Occupations in manufacturing and utilities
British Columbia,5.0,7.0,3.0,13.0,10.0,3.0,13.0,11.0,5980,Northeast,0,Management occupations
British Columbia,1.0,0.0,1.0,4.0,2.0,7.0,5.0,10.0,5980,Northeast,1,"Business, finance and administration occupations"
British Columbia,1.0,16.0,3.0,2.0,5.0,6.0,5.0,7.0,5980,Northeast,2,Natural and applied sciences and related occupations
British Columbia,2.0,1.0,2.0,0.0,3.0,2.0,1.0,1.0,5980,Northeast,3,Health occupations
British Columbia,13.0,11.0,25.0,10.0,6.0,8.0,7.0,6.0,5980,Northeast,4,"Occupations in education, law and social, community and government services"
British Columbia,1.0,0.0,0.0,2.0,0.0,0.0,0.0,0.0,5980,Northeast,5,"Occupations in art, culture, recreation and sport"
British Columbia,44.0,66.0,60.0,148.0,75.0,126.0,241.0,254.0,5980,Northeast,6,Sales and service occupations
British Columbia,11.0,11.0,32.0,75.0,7.0,20.0,161.0,67.0,5980,Northeast,7,"Trades, transport and equipment operators and related occupations"
British Columbia,0.0,1.0,10.0,1.0,1.0,55.0,7.0,77.0,5980,Northeast,8,"Natural resources, agriculture and related production occupations"
British Columbia,0.0,0.0,0.0,0.0,1.0,0.0,1.0,2.0,5980,Northeast,9,Occupations in manufacturing and utilities
Yukon,1.0,1.0,1.0,1.0,1.0,3.0,1.0,0.0,6010,Yukon,0,Management occupations
Yukon,0.0,0.0,0.0,0.0,0.0,1.0,3.0,1.0,6010,Yukon,1,"Business, finance and administration occupations"
Yukon,4.0,4.0,2.0,0.0,0.0,3.0,1.0,2.0,6010,Yukon,2,Natural and applied sciences and related occupations
Yukon,0.0,3.0,0.0,0.0,0.0,0.0,0.0,0.0,6010,Yukon,3,Health occupations
Yukon,5.0,11.0,7.0,7.0,0.0,1.0,0.0,2.0,6010,Yukon,4,"Occupations in education, law and social, community and government services"
Yukon,86.0,72.0,85.0,93.0,31.0,111.0,103.0,104.0,6010,Yukon,5,"Occupations in art, culture, recreation and sport"
Yukon,5.0,3.0,3.0,21.0,5.0,5.0,26.0,19.0,6010,Yukon,6,Sales and service occupations
Yukon,6.0,25.0,9.0,17.0,3.0,2.0,23.0,8.0,6010,Yukon,7,"Trades, transport and equipment operators and related occupations"
Yukon,0.0,0.0,0.0,0.0,0.0,0.0,0.0,0.0,6010,Yukon,8,"Natural resources, agriculture and related production occupations"
Yukon,0.0,0.0,0.0,0.0,0.0,0.0,0.0,0.0,6010,Yukon,9,Occupations in manufacturing and utilities
Northwest Territories,3.0,2.0,1.0,5.0,0.0,2.0,4.0,2.0,6110,Northwest Territories,0,Management occupations
Northwest Territories,0.0,1.0,1.0,1.0,0.0,0.0,1.0,1.0,6110,Northwest Territories,1,"Business, finance and administration occupations"
Northwest Territories,8.0,5.0,0.0,0.0,0.0,0.0,1.0,13.0,6110,Northwest Territories,2,Natural and applied sciences and related occupations
Northwest Territories,0.0,0.0,0.0,3.0,2.0,0.0,2.0,2.0,6110,Northwest Territories,3,Health occupations
Northwest Territories,11.0,13.0,12.0,7.0,5.0,5.0,2.0,1.0,6110,Northwest Territories,4,"Occupations in education, law and social, community and government services"
Northwest Territories,1.0,0.0,0.0,0.0,0.0,0.0,0.0,0.0,6110,Northwest Territories,5,"Occupations in art, culture, recreation and sport"
Northwest Territories,30.0,10.0,5.0,37.0,18.0,22.0,106.0,85.0,6110,Northwest Territories,6,Sales and service occupations
Northwest Territories,11.0,13.0,2.0,2.0,2.0,0.0,15.0,20.0,6110,Northwest Territories,7,"Trades, transport and equipment operators and related occupations"
Northwest Territories,0.0,0.0,0.0,1.0,1.0,1.0,1.0,0.0,6110,Northwest Territories,8,"Natural resources, agriculture and related production occupations"
Northwest Territories,0.0,2.0,0.0,0.0,1.0,0.0,0.0,0.0,6110,Northwest Territories,9,Occupations in manufacturing and utilities
Nunavut,2.0,1.0,4.0,0.0,1.0,0.0,2.0,0.0,6210,Nunavut,0,Management occupations
Nunavut,3.0,0.0,1.0,1.0,3.0,3.0,1.0,3.0,6210,Nunavut,1,"Business, finance and administration occupations"
Nunavut,12.0,13.0,27.0,16.0,18.0,17.0,16.0,40.0,6210,Nunavut,2,Natural and applied sciences and related occupations
Nunavut,2.0,1.0,1.0,0.0,0.0,1.0,3.0,0.0,6210,Nunavut,3,Health occupations
Nunavut,6.0,6.0,10.0,2.0,2.0,2.0,1.0,1.0,6210,Nunavut,4,"Occupations in education, law and social, community and government services"
Nunavut,7.0,1.0,8.0,1.0,0.0,2.0,0.0,0.0,6210,Nunavut,5,"Occupations in art, culture, recreation and sport"
Nunavut,98.0,15.0,49.0,71.0,7.0,9.0,46.0,39.0,6210,Nunavut,6,Sales and service occupations
Nunavut,15.0,4.0,32.0,42.0,15.0,29.0,19.0,39.0,6210,Nunavut,7,"Trades, transport and equipment operators and related occupations"
Nunavut,0.0,0.0,0.0,0.0,0.0,0.0,0.0,0.0,6210,Nunavut,8,"Natural resources, agriculture and related production occupations"
Nunavut,0.0,0.0,0.0,0.0,0.0,0.0,0.0,0.0,6210,Nunavut,9,Occupations in manufacturing and utilities
